,start_rnd,duration_rnd,loudness_start,rem_loudness_start,loud_start_diff,loudness_max,rem_loudness_max,loud_max_diff,pitches,rem_pitches,pitch_eucl_dist,timbre,rem_timbre,timbre_eucl_dist
0,0.4,0.2,-19.317,-19.482,-0.16499999999999915,-13.939,-14.923,-0.984,"[0.033, 0.065, 0.037, 0.036, 0.593, 0.577, 0.996, 1.0, 0.377, 0.394, 0.013, 0.002]","[0.612, 0.364, 0.307, 0.417, 1.0, 0.493, 0.279, 0.268, 0.119, 0.615, 0.138, 0.217]",1.4291871815825945,"[43.127, 65.9, -55.457, -40.077, -16.985, -26.9, 31.66, 29.943, -57.885, -23.638, -7.094, 11.257]","[41.757, 49.343, -57.733, -37.261, -9.004, -29.671, 34.075, 38.36, -65.782, -23.53, -9.487, 7.751]",22.75009571408437
1,0.8,0.4,-22.846999999999998,-25.808000000000003,-2.9610000000000056,-1.7719999999999998,-2.795,-1.0230000000000001,"[0.803, 0.226, 0.174, 0.23, 1.0, 0.649, 0.393, 0.228, 0.21, 0.85, 0.324, 0.367]","[0.756, 0.196, 0.159, 0.219, 1.0, 0.735, 0.403, 0.229, 0.206, 0.812, 0.302, 0.391]",0.11606894502837524,"[49.317, 76.487, -56.554, 118.011, -21.925, -35.484, -54.22, 18.439, -4.962, -23.751, 0.832, -1.739]","[47.792, 56.967, -67.356, 115.782, -3.183, -8.837, -42.784, 25.957, -5.48, -11.64, 13.029, -0.702]",45.28158661089516
2,1.2,0.3,-20.183,-21.9,-1.7169999999999987,-10.81,-11.465,-0.6549999999999994,"[0.391, 0.541, 0.879, 1.0, 0.746, 0.241, 0.174, 0.247, 0.342, 0.573, 0.822, 0.71]","[0.372, 0.538, 0.936, 1.0, 0.713, 0.204, 0.167, 0.237, 0.297, 0.539, 0.905, 0.813]",0.16402743672934725,"[43.703, 32.69, -7.638, 24.045, 11.985, 5.384, -46.31, 43.72, 20.689, 21.927, -32.092, -30.295]","[43.483, 9.523, -12.919, 31.445, 15.884, 0.028, -39.128, 35.581, 16.681, 24.822, -32.333, -18.948]",30.56760067457045
3,1.5,0.3,-29.045,-28.775,0.2700000000000031,-13.568,-14.478,-0.9100000000000001,"[0.775, 0.347, 0.144, 0.036, 0.142, 0.112, 0.037, 0.066, 0.081, 0.062, 0.057, 1.0]","[0.82, 0.383, 0.171, 0.071, 0.151, 0.129, 0.045, 0.088, 0.1, 0.085, 0.055, 1.0]",0.08418432158068388,"[41.386, 5.119, -38.661, -4.499, -44.662, 2.486, -31.163, 27.232, -7.235, 62.217, 26.267, -18.743]","[39.037, 27.288, -16.349, -23.955, -38.166, 38.999, -16.985, -7.379, -12.445, 74.109, -4.063, -16.383]",72.39972441936503
4,4.4,0.3,-16.994,-16.750999999999998,0.2430000000000021,-8.587,-9.255,-0.668000000000001,"[0.512, 0.369, 0.622, 0.396, 0.256, 0.329, 0.239, 1.0, 0.276, 0.286, 0.219, 0.238]","[0.494, 0.387, 0.605, 0.442, 0.267, 0.327, 0.251, 1.0, 0.247, 0.278, 0.206, 0.27]",0.07362064927722387,"[47.994, -8.977, 5.056, -9.864, -17.438, -5.829, 26.271, 33.866, -8.372, -21.63, -12.462, 0.62]","[47.487, -26.038, 3.427, 6.962, -7.316, -13.518, 32.307, 31.037, -13.89, -21.816, -16.445, -2.668]",28.98746249674159
5,4.7,0.2,-16.698,-18.074,-1.3760000000000012,-13.024000000000001,-13.589,-0.5649999999999995,"[0.447, 0.437, 0.406, 0.087, 0.371, 0.649, 1.0, 0.792, 0.876, 0.96, 0.83, 0.906]","[0.427, 0.422, 0.458, 0.104, 0.381, 0.707, 1.0, 0.781, 0.861, 0.952, 0.876, 0.843]",0.11652038448271618,"[43.289, 33.462, -12.69, -2.353, -12.188, -63.182, 20.007, -17.481, -63.64, 4.224, -11.236, 46.12]","[42.309, 15.349, -13.112, 13.489, -8.825, -63.911, 20.393, -11.223, -69.281, 7.749, -13.892, 44.815]",26.159985741586333
6,6.8,0.3,-27.303,-26.247,1.056000000000001,-16.274,-17.05,-0.7759999999999998,"[0.096, 0.206, 0.466, 1.0, 0.325, 0.111, 0.126, 0.141, 0.117, 0.25, 0.712, 0.158]","[0.062, 0.156, 0.415, 1.0, 0.277, 0.098, 0.123, 0.138, 0.093, 0.242, 0.763, 0.117]",0.11691877522451219,"[38.501, 141.467, -63.703, 19.236, -65.91, -30.282, -67.906, -0.528, -25.404, 13.678, -7.14, -51.644]","[37.281, 118.082, -73.129, 11.631, -50.698, -19.471, -59.207, -11.798, -21.695, 11.064, 4.822, -46.923]",37.841343184406135
7,7.5,0.2,-23.706999999999997,-24.662,-0.9550000000000018,-18.541,-20.345,-1.8039999999999985,"[0.181, 0.123, 0.238, 0.091, 0.035, 1.0, 0.191, 0.025, 0.745, 0.198, 0.035, 0.31]","[0.135, 0.092, 0.276, 0.068, 0.046, 1.0, 0.172, 0.047, 0.638, 0.151, 0.034, 0.328]",0.1414178206592083,"[39.287, 107.036, 9.822, -16.454, -18.428, 2.422, -89.695, -47.077, -30.04, -22.87, 3.956, -41.982]","[37.5, 82.771, 9.581, -25.958, -10.484, -1.724, -90.181, -31.888, -18.212, -29.832, -11.084, -34.744]",38.21736950654767
8,9.0,0.2,-27.576999999999998,-25.570999999999998,2.0060000000000002,-16.635,-19.54,-2.9049999999999976,"[1.0, 0.442, 0.306, 0.181, 0.308, 0.22, 0.16, 0.729, 0.402, 0.49, 0.198, 0.365]","[0.529, 0.155, 0.054, 0.109, 0.776, 0.139, 0.133, 1.0, 0.212, 0.031, 0.079, 0.684]",1.0175244468807616,"[37.025, 106.64, 64.011, -41.757, -27.454, 34.141, -26.205, -50.683, -63.184, -12.53, -31.369, -12.771]","[36.752, 89.882, 1.42, 20.539, -34.952, -39.904, -74.184, -5.05, -71.585, 8.192, 3.613, -30.625]",141.58054553504164
9,10.1,0.3,-15.32,-16.473,-1.1529999999999987,-10.649000000000001,-12.08,-1.4309999999999992,"[0.298, 0.342, 0.674, 0.341, 0.196, 0.176, 0.16, 1.0, 0.288, 0.236, 0.139, 0.138]","[0.404, 0.386, 0.625, 0.357, 0.188, 0.189, 0.142, 1.0, 0.215, 0.226, 0.148, 0.286]",0.20928449536456348,"[45.745, -18.271, -8.238, 38.701, -9.76, -41.015, 27.065, 19.694, 8.191, -13.599, -29.007, 7.981]","[44.622, -56.425, -19.453, 14.147, 3.447, -22.076, 41.498, 38.513, 2.586, -13.195, -18.192, 3.843]",58.7103680451758
10,13.9,0.3,-24.340999999999998,-25.846,-1.5050000000000026,-18.148,-19.074,-0.9260000000000019,"[0.173, 0.119, 0.102, 0.099, 0.08, 0.082, 0.064, 0.128, 0.812, 1.0, 0.627, 0.315]","[0.121, 0.147, 0.111, 0.095, 0.088, 0.097, 0.073, 0.172, 1.0, 0.978, 0.572, 0.296]",0.2123793775299287,"[34.68, 200.307, 35.403, 88.908, -67.491, -41.825, -10.515, 22.425, -81.524, -48.666, 19.861, -24.987]","[33.742, 185.149, 21.741, 92.832, -57.184, -30.46, -9.398, 21.629, -77.56, -48.839, 23.703, -27.886]",26.62480041239745
11,14.8,0.1,-25.896,-27.653000000000002,-1.7570000000000014,-17.317999999999998,-18.365,-1.0470000000000006,"[0.788, 0.333, 0.187, 0.07, 0.996, 0.219, 0.166, 0.997, 0.403, 1.0, 0.427, 0.307]","[0.713, 0.294, 0.175, 0.068, 1.0, 0.203, 0.168, 0.911, 0.412, 0.896, 0.399, 0.296]",0.16360929068974048,"[40.003, 61.064, 30.092, 8.853, -0.976, -18.757, -26.163, -27.927, -56.181, 39.043, -9.233, -13.169]","[39.101, 46.39, 14.081, 14.72, 17.938, -14.662, -20.194, -39.558, -49.316, 46.973, -20.392, -14.632]",35.90275766567242
12,20.4,0.2,-15.42,-16.899,-1.479000000000001,-8.256,-10.399000000000001,-2.1430000000000007,"[0.273, 0.05, 0.014, 0.069, 0.032, 0.042, 0.105, 0.028, 0.031, 0.105, 0.06, 1.0]","[0.159, 0.239, 0.054, 0.08, 0.374, 0.082, 0.076, 0.067, 0.077, 1.0, 0.308, 0.51]",1.129649945779665,"[49.172, 182.159, 7.967, -19.53, 38.44, 2.801, -22.487, 17.932, -25.313, -25.173, 2.005, -4.715]","[47.508, 156.857, -15.808, -1.242, 72.733, -38.303, -8.862, -14.441, -23.089, -12.852, -8.572, 17.849]",80.12254570344105
13,21.3,0.2,-23.166,-25.869,-2.7029999999999994,-14.046,-22.939,-8.893,"[0.92, 0.619, 0.05, 0.047, 0.196, 0.197, 0.543, 0.539, 0.9, 0.899, 1.0, 0.102]","[0.345, 0.006, 0.002, 0.002, 0.001, 0.001, 0.007, 0.003, 0.004, 0.005, 0.02, 1.0]",2.1749970114922,"[38.994, 37.365, -105.648, 20.01, -15.162, -57.877, -48.003, 59.177, -10.927, 29.102, 17.281, -4.899]","[36.083, -14.078, -100.139, -83.008, 57.441, -37.603, -49.709, -11.074, -4.101, 5.055, 1.58, -5.921]",157.45055118036265
14,29.6,0.2,-30.543000000000003,-21.1,9.443000000000001,-17.578,-11.504000000000001,6.073999999999998,"[0.248, 0.254, 0.16, 0.15, 0.201, 0.313, 0.819, 1.0, 0.94, 0.68, 0.339, 0.059]","[0.087, 0.158, 0.374, 1.0, 0.393, 0.066, 0.163, 0.683, 0.879, 0.303, 0.707, 0.143]",1.311663447687706,"[36.261, -56.065, -72.138, -154.586, 44.06, -39.099, -16.715, -24.908, -11.152, 33.726, 1.833, -9.044]","[43.555, 2.652, -78.333, 33.811, 40.033, 13.553, -56.708, 3.188, -16.824, 33.692, -67.509, -1.118]",221.61515840979834
15,29.8,0.1,-19.45,-31.105,-11.655000000000001,-12.575999999999999,-18.752,-6.176,"[1.0, 0.677, 0.045, 0.022, 0.051, 0.075, 0.221, 0.218, 0.569, 0.565, 0.874, 0.045]","[0.263, 0.251, 0.152, 0.148, 0.191, 0.34, 0.924, 1.0, 0.774, 0.471, 0.318, 0.052]",1.519070110297744,"[44.097, -53.816, -90.28, -22.373, 0.649, -29.984, -13.009, 9.959, -0.119, 18.905, 7.286, -11.322]","[35.084, -68.204, -75.105, -160.589, 55.141, -36.911, -10.305, -20.497, -9.715, 28.759, 2.607, -8.44]",154.25244385746373
16,29.9,0.2,-19.492,-19.825,-0.3329999999999984,-14.33,-13.52,0.8100000000000005,"[0.399, 0.417, 0.518, 0.364, 0.476, 0.492, 0.397, 1.0, 0.941, 0.295, 0.249, 0.664]","[1.0, 0.709, 0.059, 0.027, 0.051, 0.072, 0.195, 0.191, 0.513, 0.513, 0.814, 0.068]",1.651718499018522,"[41.728, 38.448, -79.318, -24.439, 36.648, -6.804, -23.323, -65.784, 28.191, -30.863, -33.591, -1.476]","[43.14, -69.715, -81.435, -34.328, 40.118, -15.251, -1.359, 4.487, 2.496, 21.032, -14.373, -10.915]",145.32403814923393
17,31.8,0.1,-25.391,-22.638,2.7529999999999966,-13.142000000000001,-13.782,-0.6399999999999988,"[1.0, 0.7, 0.508, 0.215, 0.29, 0.315, 0.334, 0.483, 0.319, 0.181, 0.336, 0.973]","[0.559, 0.396, 0.292, 0.333, 0.524, 0.979, 1.0, 0.706, 0.313, 0.172, 0.192, 0.248]",1.372185118706656,"[44.445, 53.477, -13.95, -41.215, 45.7, -17.779, -15.479, -41.197, 1.688, 37.135, 15.991, 0.061]","[39.433, 59.405, -47.256, 27.797, 45.108, -101.152, -67.225, 49.742, -16.397, 1.703, 24.715, 11.545]",160.0676395121762
18,34.7,0.2,-12.334000000000001,-29.674,-17.339999999999996,-0.696,-10.238999999999999,-9.543,"[0.491, 0.309, 0.322, 0.385, 0.644, 1.0, 0.484, 0.252, 0.226, 0.231, 0.242, 0.579]","[0.687, 0.322, 0.327, 0.314, 0.195, 0.392, 0.395, 0.258, 0.481, 0.425, 0.59, 1.0]",1.0118690626756013,"[50.117, 24.193, 28.327, -16.318, 35.076, -7.994, -24.973, 52.127, 21.775, 4.278, -57.176, 12.063]","[44.958, 40.294, -8.555, -60.09, 47.329, -25.576, 8.583, -68.038, 6.867, 18.443, 47.824, 17.509]",176.25145982090473
19,42.9,0.2,-18.89,-15.007,3.883000000000001,-8.017000000000001,-9.129,-1.1119999999999983,"[0.094, 0.138, 0.059, 0.108, 0.163, 0.052, 0.202, 1.0, 0.998, 0.434, 0.193, 0.169]","[0.536, 0.299, 0.046, 0.047, 0.042, 0.07, 0.094, 0.13, 0.277, 0.299, 0.927, 1.0]",1.6661593561241372,"[48.332, 148.335, -25.383, -29.323, 12.846, 1.089, -25.639, -15.431, -28.57, 3.322, -14.146, 12.242]","[46.867, 18.854, -35.048, 16.135, 66.131, -14.228, -56.673, 34.008, -10.974, 29.781, -20.278, 5.349]",162.79851331016508
20,43.1,0.2,-13.834000000000001,-20.230999999999998,-6.396999999999997,-10.959000000000001,-8.586,2.373000000000001,"[0.805, 0.77, 0.335, 0.329, 0.418, 0.428, 0.329, 0.329, 0.207, 0.171, 0.275, 1.0]","[0.065, 0.099, 0.047, 0.059, 0.11, 0.049, 0.218, 1.0, 0.919, 0.398, 0.182, 0.155]",1.7708469724964944,"[47.686, 177.359, -12.886, -19.29, 28.376, -32.002, -18.946, -1.122, -32.153, -4.413, -10.461, 1.907]","[47.24, 132.277, -37.198, -36.653, 25.095, 3.059, -18.677, -12.227, -21.889, 5.185, -10.623, 14.799]",68.20752179195489
21,43.3,0.2,-15.969000000000001,-14.955,1.0140000000000011,-3.345,-10.714,-7.369,"[0.242, 0.133, 0.164, 0.229, 0.253, 0.25, 0.183, 0.209, 0.278, 0.535, 1.0, 0.341]","[0.685, 0.636, 0.229, 0.209, 0.305, 0.303, 0.229, 0.22, 0.151, 0.121, 0.262, 1.0]",1.2759635574733317,"[51.127, 65.525, 1.126, 68.377, 32.263, 0.126, -27.271, -12.395, -12.311, 10.288, -31.315, 7.472]","[47.611, 163.757, -27.758, -14.313, 40.173, -35.626, -12.003, -0.122, -35.628, -3.846, -13.657, 5.282]",141.83925797183232
22,43.6,0.2,-21.511999999999997,-17.287,4.224999999999998,-8.207,-10.353,-2.145999999999999,"[0.773, 0.46, 0.159, 0.11, 0.127, 0.187, 0.317, 0.79, 1.0, 0.426, 0.1, 0.926]","[0.391, 0.021, 0.039, 0.036, 0.042, 0.08, 0.135, 0.203, 0.365, 0.775, 0.983, 1.0]",1.4370382736726257,"[44.015, 79.508, -34.445, -65.87, 7.983, 17.27, -46.77, -29.372, -38.023, 23.925, -70.103, 2.679]","[45.479, 75.317, -66.203, 13.217, -10.378, -15.285, -73.561, 5.898, -15.583, -6.88, -13.929, -7.638]",123.92004368543452
23,43.8,0.2,-26.979,-22.823,4.155999999999999,-11.465,-9.491,1.9740000000000002,"[0.4, 0.053, 0.064, 0.092, 0.07, 0.18, 0.1, 0.474, 1.0, 0.307, 0.051, 0.989]","[0.514, 0.266, 0.125, 0.102, 0.119, 0.163, 0.3, 0.843, 1.0, 0.414, 0.087, 0.774]",0.5477289475643952,"[42.494, 101.46, -47.322, -80.766, -29.923, 30.701, -75.902, -22.337, -3.163, 17.876, -32.403, -17.062]","[42.893, 65.138, -46.276, -61.047, 24.953, 19.324, -43.727, -31.807, -36.409, 26.023, -77.099, 7.268]",98.67347380628696
24,45.5,0.2,-12.793,-18.891,-6.097999999999999,-6.655,-7.022,-0.367,"[1.0, 0.24, 0.085, 0.066, 0.245, 0.715, 0.29, 0.208, 0.082, 0.161, 0.148, 0.603]","[0.953, 0.471, 0.266, 0.252, 0.314, 0.456, 0.521, 0.43, 0.372, 0.211, 0.099, 1.0]",0.7375798261883252,"[47.511, 60.628, -107.47, 34.523, -13.72, -5.052, -30.003, 31.466, -15.798, -15.683, -48.057, -20.544]","[46.884, 156.887, -85.772, -102.664, 83.991, -2.161, -12.302, -49.998, -15.387, -5.217, -19.398, 14.81]",217.35620569930825
25,47.1,0.2,-26.673000000000002,-12.804,13.869000000000002,-10.93,-7.439,3.4909999999999997,"[0.309, 0.256, 0.238, 0.183, 0.178, 0.563, 0.466, 0.918, 1.0, 0.379, 0.231, 0.366]","[0.362, 0.309, 0.438, 0.557, 0.742, 0.488, 0.197, 0.246, 0.348, 0.296, 0.484, 1.0]",1.3896467176948248,"[40.878, 17.924, -54.03, 19.981, 51.26, 40.636, -62.81, -9.325, -12.292, 9.698, -43.883, -2.788]","[44.16, 48.652, -79.202, 114.129, -24.602, -35.647, -50.751, -54.902, 3.76, -12.185, -35.861, -2.587]",158.2725617945195
26,47.3,0.2,-29.519000000000002,-27.235,2.2840000000000025,-8.164,-11.652999999999999,-3.488999999999999,"[0.278, 0.218, 0.339, 0.417, 0.719, 0.42, 0.311, 0.399, 1.0, 0.451, 0.123, 0.174]","[0.366, 0.234, 0.231, 0.159, 0.167, 0.601, 0.492, 0.957, 1.0, 0.423, 0.33, 0.537]",0.971195140020789,"[44.407, 55.159, 32.067, -147.08, 59.682, 20.931, -1.519, -43.592, -9.455, 51.979, 13.406, -0.333]","[40.202, -7.212, -59.446, 17.628, 64.873, 43.044, -51.367, -16.804, -12.32, 8.993, -46.412, -2.3]",220.38057090179254
27,48.5,0.2,-25.65,-17.285999999999998,8.364,-7.837000000000001,-7.582999999999999,0.25400000000000134,"[0.393, 0.115, 0.287, 1.0, 0.675, 0.193, 0.117, 0.528, 0.656, 0.09, 0.056, 0.43]","[0.255, 0.056, 0.047, 0.07, 0.13, 0.078, 0.348, 0.379, 1.0, 0.94, 0.772, 0.026]",1.687467036715088,"[44.355, 29.208, -4.037, 46.574, 69.504, 74.611, -36.542, 6.442, 40.78, 2.439, -38.78, 0.731]","[44.811, -56.227, -63.434, 51.279, 26.34, 26.21, -18.65, 1.449, 51.805, -22.545, -44.794, -1.859]",127.23582978862518
28,48.7,0.2,-29.831999999999997,-26.373,3.458999999999996,-7.051,-8.514,-1.4629999999999992,"[0.556, 0.551, 0.5, 0.429, 0.472, 0.45, 0.244, 0.357, 0.767, 1.0, 0.843, 0.394]","[0.468, 0.138, 0.336, 1.0, 0.776, 0.184, 0.119, 0.654, 0.698, 0.113, 0.081, 0.57]",1.4837135842203508,"[42.641, 7.166, 36.09, -100.0, 41.719, 39.746, 13.792, 44.55, 0.386, 22.118, -26.596, 17.062]","[43.487, 14.696, -5.12, 31.947, 72.615, 78.228, -26.443, 13.012, 39.357, 0.431, -37.533, 5.293]",162.67086854750607
29,50.3,0.1,-21.116999999999997,-29.336,-8.219000000000001,-6.962000000000001,-19.631,-12.669,"[0.159, 0.29, 0.547, 1.0, 0.301, 0.218, 0.253, 0.487, 0.758, 0.245, 0.15, 0.14]","[0.888, 1.0, 0.291, 0.377, 0.478, 0.463, 0.514, 0.468, 0.541, 0.475, 0.599, 0.208]",1.3983046878273704,"[49.016, 90.657, 118.873, 42.459, 26.309, -14.814, 13.294, 38.645, 17.835, -10.393, 27.25, -5.709]","[37.569, 132.175, 22.059, -26.833, 47.185, 11.494, 73.828, -22.426, -26.052, -24.841, 3.108, 26.142]",168.17608708731453
30,50.5,0.2,-19.017,-15.959000000000001,3.057999999999998,-5.395,-2.202,3.1929999999999996,"[1.0, 0.652, 0.117, 0.036, 0.108, 0.092, 0.201, 0.314, 0.053, 0.018, 0.286, 0.076]","[1.0, 0.8, 0.236, 0.148, 0.269, 0.381, 0.215, 0.276, 0.189, 0.136, 0.475, 0.163]",0.48518140937179366,"[47.425, 18.28, -5.177, 45.471, 12.012, 51.277, -16.741, 26.874, -2.765, -2.212, -27.217, 4.078]","[50.923, 51.37, -48.289, 84.015, 14.637, -19.131, -34.217, 0.241, -5.506, -22.197, -18.702, 21.67]",105.92105519206274
31,50.7,0.2,-20.593000000000004,-19.896,0.6970000000000027,-7.026,-6.692,0.33399999999999963,"[0.283, 0.299, 0.325, 0.288, 0.24, 0.244, 0.217, 0.332, 0.339, 1.0, 0.782, 0.346]","[1.0, 0.653, 0.136, 0.039, 0.087, 0.077, 0.189, 0.29, 0.047, 0.019, 0.298, 0.08]",1.464107236509676,"[42.866, 168.813, -47.833, 8.393, 12.623, 17.52, -42.819, -67.311, -23.37, 20.181, -91.258, 11.471]","[46.596, 0.657, -6.687, 38.638, 25.928, 49.228, -19.204, 31.185, 9.453, -0.174, -32.29, -2.941]",217.9822543901223
32,53.0,0.2,-22.721,-20.655,2.065999999999999,-12.863,-11.948,0.9149999999999991,"[0.067, 0.064, 0.514, 0.163, 0.121, 0.281, 0.276, 1.0, 0.582, 0.161, 0.057, 0.123]","[0.033, 0.013, 0.097, 0.055, 0.023, 0.29, 0.121, 1.0, 0.645, 0.071, 0.046, 0.058]",0.48932095806331455,"[41.428, -3.068, -50.967, -20.355, 17.214, 14.164, -33.909, -54.557, -26.744, 39.422, -64.673, 7.831]","[43.247, -2.511, -47.971, -6.892, 26.623, 8.677, -55.42, -31.714, -26.465, 27.333, -48.799, -4.176]",42.888032153504085
33,55.5,0.2,-22.058000000000003,-24.095,-2.0369999999999955,-10.16,-7.297999999999999,2.862000000000001,"[0.252, 0.298, 0.422, 0.186, 0.109, 0.122, 0.335, 1.0, 0.613, 0.338, 0.144, 0.129]","[0.87, 0.385, 0.209, 0.162, 0.056, 0.126, 0.063, 0.102, 0.072, 0.087, 0.052, 1.0]",1.562510159966968,"[42.066, 33.062, -56.398, -47.819, 16.179, 16.306, -26.303, 52.484, 9.361, -13.514, -28.486, -7.624]","[44.79, -72.326, -53.569, -44.541, 16.135, 21.408, -0.299, 28.184, 12.527, 23.757, -28.92, -4.992]",117.60865775103463
34,55.7,0.2,-22.871,-23.194000000000003,-0.32300000000000395,-9.804,-11.133,-1.3289999999999988,"[0.147, 0.113, 0.121, 0.059, 0.106, 0.232, 0.263, 0.516, 1.0, 0.46, 0.106, 0.082]","[0.192, 0.239, 0.42, 0.176, 0.106, 0.127, 0.337, 1.0, 0.572, 0.336, 0.147, 0.118]",0.7571558624219983,"[44.781, 103.249, -65.613, 12.379, -21.424, 52.864, -71.442, 32.197, -8.233, -14.867, -27.622, -17.535]","[41.439, 13.427, -55.368, -46.965, 30.307, 18.145, -21.388, 61.546, 5.435, -12.307, -26.793, -1.216]",139.33580973317663
35,56.4,0.2,-19.315,-18.9,0.4150000000000027,-10.18,-14.898,-4.718,"[0.916, 0.746, 0.808, 0.887, 0.53, 0.501, 0.274, 0.575, 1.0, 0.471, 0.203, 0.583]","[1.0, 0.767, 0.266, 0.152, 0.199, 0.122, 0.079, 0.077, 0.077, 0.101, 0.666, 0.149]",1.6650138137565105,"[45.338, 17.549, -4.275, 38.082, 54.049, 9.299, 11.086, -6.092, 4.777, 32.777, -23.89, 12.872]","[43.291, 42.443, -53.432, -42.994, 21.255, -46.077, -38.785, 35.808, -1.798, 1.786, 3.787, 24.291]",141.0616422667764
36,56.6,0.2,-21.927,-20.132,1.7949999999999982,-9.677,-10.175,-0.4980000000000011,"[0.426, 0.434, 0.342, 0.345, 0.262, 0.322, 0.343, 0.489, 1.0, 0.437, 0.335, 0.453]","[0.808, 0.697, 0.887, 1.0, 0.539, 0.444, 0.232, 0.581, 0.837, 0.353, 0.201, 0.615]",1.0636568995686533,"[44.82, -45.839, -17.709, -54.258, 8.424, 31.991, -23.358, -3.233, 4.678, -3.365, -18.161, 0.989]","[45.498, -6.171, 1.073, 52.137, 72.509, -13.221, 16.041, -1.322, 4.419, 29.043, -19.723, 15.064]",149.01176383762458
37,57.3,0.1,-22.967,-21.53,1.4369999999999976,-13.843,-14.419,-0.5760000000000005,"[1.0, 0.923, 0.484, 0.232, 0.138, 0.473, 0.618, 0.33, 0.476, 0.38, 0.424, 0.49]","[0.212, 0.227, 0.464, 0.242, 0.213, 0.426, 0.362, 0.466, 1.0, 0.674, 0.138, 0.012]",1.3671203312071694,"[42.697, 54.83, -56.444, -92.512, 41.371, -32.71, -0.206, -32.776, -43.58, 38.0, -18.282, 16.174]","[41.817, 31.978, -52.277, -20.743, -38.254, 5.947, -54.533, 7.335, -34.565, -20.879, -14.391, -27.765]",153.5569716619861
38,57.4,0.1,-16.445999999999998,-23.746,-7.300000000000001,-10.495999999999999,-14.333,-3.8370000000000015,"[1.0, 0.478, 0.424, 0.423, 0.143, 0.135, 0.42, 0.357, 0.456, 0.446, 0.831, 0.973]","[1.0, 0.867, 0.485, 0.259, 0.165, 0.52, 0.702, 0.401, 0.552, 0.363, 0.476, 0.544]",0.8592310515804232,"[47.95, 35.98, 2.783, -34.622, -29.416, -21.545, -26.645, -0.265, -53.507, -6.807, 15.049, 5.976]","[42.259, 37.677, -58.175, -94.197, 54.309, -32.616, 9.063, -18.382, -46.72, 36.672, -23.946, 25.034]",140.9125952390346
39,57.8,0.2,-21.485,-18.269000000000002,3.2159999999999975,-8.092,-9.56,-1.468,"[0.087, 0.142, 0.238, 1.0, 0.594, 0.109, 0.137, 0.272, 0.422, 0.287, 0.554, 0.165]","[0.061, 0.172, 0.691, 0.625, 0.229, 0.215, 0.225, 1.0, 0.352, 0.134, 0.069, 0.063]",1.1417254486083772,"[44.54, 54.727, -25.337, -52.525, 33.391, 29.617, -11.015, -24.615, -17.707, 38.425, -75.868, -3.08]","[46.202, 0.101, 19.245, -9.88, 61.106, 12.852, -36.357, 13.142, -3.845, 17.184, -34.047, -16.195]",111.68814495281045
40,59.5,0.2,-29.183000000000003,-25.144000000000002,4.0390000000000015,-9.65,-13.902999999999999,-4.252999999999998,"[1.0, 0.992, 0.215, 0.155, 0.195, 0.202, 0.24, 0.251, 0.424, 0.557, 0.567, 0.324]","[0.074, 0.122, 0.138, 0.174, 0.387, 0.79, 1.0, 0.329, 0.088, 0.057, 0.061, 0.088]",1.8059861572005473,"[40.07, 148.153, -17.449, -132.132, 19.132, 52.855, 15.445, -117.145, -51.336, 48.835, -61.248, 9.146]","[40.353, 130.551, -92.253, -2.504, 70.118, 4.099, -47.502, 59.208, -57.68, 77.834, -26.504, 7.383]",254.63667152435056
41,59.7,0.2,-19.067999999999998,-29.552,-10.484000000000002,-11.165999999999999,-10.232000000000001,0.9339999999999975,"[0.557, 0.212, 0.113, 0.131, 0.362, 0.224, 0.461, 0.565, 0.988, 1.0, 0.647, 0.136]","[1.0, 0.807, 0.611, 0.403, 0.362, 0.424, 0.372, 0.338, 0.435, 0.391, 0.251, 0.972]",1.5824392563381382,"[43.296, -57.639, -42.09, -26.075, 17.16, 13.373, -26.403, 27.761, 20.905, -5.082, -47.469, -8.261]","[40.925, 116.647, -58.816, -86.166, 35.859, 55.681, 11.43, -118.129, -53.261, 70.111, -66.125, 14.039]",266.69586683898945
42,62.0,0.2,-18.477999999999998,-15.731,2.746999999999998,-13.922,-6.83,7.0920000000000005,"[1.0, 0.673, 0.12, 0.05, 0.029, 0.109, 0.073, 0.15, 0.152, 0.082, 0.382, 0.206]","[1.0, 0.406, 0.195, 0.091, 0.187, 0.222, 0.079, 0.402, 0.304, 0.444, 0.406, 0.544]",0.6699522371035118,"[44.147, 68.222, -61.12, -49.645, 23.477, -22.012, -60.771, 3.763, 12.121, 4.441, -10.744, -11.895]","[48.022, -0.964, 5.472, -21.849, 25.794, 9.061, -54.579, 3.846, 14.927, 6.673, -31.138, 1.485]",107.82334148040488
43,62.6,0.2,-21.293000000000003,-35.628,-14.334999999999997,-4.959,-13.683,-8.724,"[0.418, 0.188, 0.162, 0.21, 0.309, 0.361, 0.209, 0.264, 0.375, 1.0, 0.463, 0.558]","[0.875, 0.364, 0.178, 0.057, 0.059, 0.141, 0.07, 0.059, 0.047, 0.085, 0.036, 1.0]",1.325985671114134,"[47.735, 134.09, -60.507, -18.168, 37.28, 43.069, -41.489, -62.348, 2.814, 38.757, -45.091, 3.357]","[41.262, -19.349, -64.585, -41.987, 17.367, 45.006, -3.587, 26.162, 3.526, 54.729, 31.384, -12.027]",200.45190781332064
44,62.8,0.2,-21.816999999999997,-22.31,-0.4930000000000021,-11.677999999999999,-5.837999999999999,5.84,"[0.144, 0.143, 0.254, 0.121, 0.05, 0.254, 0.149, 0.295, 1.0, 0.23, 0.067, 0.075]","[0.406, 0.191, 0.202, 0.187, 0.256, 0.427, 0.234, 0.291, 0.433, 1.0, 0.484, 0.565]",1.219012715274127,"[43.673, -2.566, -19.405, -29.132, 25.93, -2.209, -46.362, 64.719, -15.253, 18.731, 4.228, 2.022]","[46.875, 122.66, -74.412, -10.328, 43.226, 34.938, -41.067, -46.272, -4.219, 44.624, -47.256, 10.569]",191.34551143415933
45,63.7,0.2,-29.416,-18.761,10.655000000000001,-6.653,-10.898,-4.245,"[0.86, 0.793, 0.385, 0.617, 0.629, 0.612, 0.644, 0.761, 1.0, 0.557, 0.62, 0.101]","[0.093, 0.145, 0.323, 1.0, 0.45, 0.117, 0.236, 0.521, 0.439, 0.2, 0.607, 0.195]",1.4529387461279983,"[46.671, 54.901, 15.428, -20.379, 5.204, 24.515, 32.082, -45.367, -9.397, 30.197, -18.279, 34.493]","[42.978, 48.271, -71.403, 47.948, 27.767, 22.609, -43.452, -15.792, 10.986, 27.52, -86.368, -12.701]",163.23174568692207
46,65.0,0.2,-31.785999999999998,-19.526,12.259999999999998,-11.847999999999999,-8.737,3.110999999999999,"[0.199, 0.219, 0.042, 0.024, 0.039, 0.102, 0.345, 1.0, 0.261, 0.035, 0.014, 0.016]","[0.048, 0.068, 0.155, 0.186, 0.09, 0.21, 0.151, 0.422, 1.0, 0.196, 0.057, 0.037]",1.0222191545847692,"[39.61, 8.496, -65.545, 41.53, 37.464, 45.998, -61.748, 31.266, -0.029, 13.368, -27.55, 3.055]","[42.912, 84.659, -85.265, 55.55, 62.182, 9.868, -68.264, 24.463, -9.625, 65.85, -48.714, 14.835]",108.7904724596782
47,66.0,0.2,-9.475,-15.825,-6.35,-3.435,-3.7060000000000004,-0.27100000000000035,"[0.491, 0.135, 0.136, 0.124, 0.153, 0.232, 0.232, 0.11, 0.098, 0.118, 0.108, 1.0]","[0.434, 0.088, 0.028, 0.051, 0.024, 0.032, 0.058, 0.034, 0.036, 0.101, 0.159, 1.0]",0.34911029775702695,"[51.13, 124.866, 3.858, 76.184, 2.392, -24.028, -19.919, -15.061, -41.245, -21.114, -18.621, 29.935]","[50.492, 130.459, 22.476, -65.2, 63.47, 8.497, 5.952, -22.424, -21.65, -20.276, -0.965, 2.415]",165.328234724139
48,68.0,0.1,-10.062999999999999,-13.012,-2.9490000000000016,-7.441,-8.019,-0.5780000000000003,"[0.692, 0.431, 1.0, 0.358, 0.389, 0.559, 0.364, 0.242, 0.311, 0.338, 0.144, 0.129]","[0.485, 0.892, 1.0, 0.66, 0.218, 0.293, 0.418, 0.165, 0.426, 0.294, 0.142, 0.068]",0.6886958690162154,"[51.728, 80.364, 36.029, -18.855, 82.5, -45.118, 12.211, 8.762, -15.997, -2.853, -0.182, 20.032]","[50.52, 24.667, 71.529, 14.79, 76.794, -51.098, 12.689, 31.943, -18.985, -17.145, 0.659, 8.72]",80.27213222532463
49,68.3,0.2,-12.338,-9.423,2.914999999999999,-8.394,-6.266,2.128,"[0.063, 0.064, 0.053, 0.047, 0.6, 0.591, 0.991, 1.0, 0.373, 0.38, 0.019, 0.02]","[0.796, 0.228, 0.115, 0.04, 0.108, 0.331, 0.154, 0.11, 0.048, 0.12, 0.067, 1.0]",1.8725223630173287,"[49.149, 56.091, -10.987, -4.233, -8.214, -49.33, 58.461, 33.62, -59.366, -1.221, 5.825, 18.062]","[51.652, 21.584, -37.895, -4.519, 26.921, -51.472, 45.346, 15.19, -39.821, -5.243, -20.108, 12.96]",69.05490014473992
50,68.5,0.1,-12.796,-11.967,0.8289999999999988,-6.869,-8.927,-2.058,"[0.029, 0.234, 0.227, 0.223, 0.767, 0.746, 0.999, 1.0, 0.588, 0.601, 0.133, 0.003]","[0.149, 0.347, 0.308, 0.293, 0.78, 0.772, 0.975, 1.0, 0.672, 0.677, 0.223, 0.051]",0.25156907600100614,"[51.215, 74.46, 25.332, 12.707, -18.584, -28.121, 4.176, 23.53, -4.873, -3.886, -22.723, 7.896]","[48.354, 30.493, -19.876, 11.699, 13.528, -60.77, 66.764, 26.82, -65.652, -10.065, -4.313, 13.557]",118.80455896134626
51,68.6,0.2,-13.277000000000001,-14.163,-0.8859999999999992,-6.435,-7.939,-1.5040000000000004,"[0.233, 0.097, 0.075, 0.056, 0.621, 0.649, 0.979, 1.0, 0.278, 0.31, 0.103, 0.039]","[0.037, 0.046, 0.031, 0.022, 0.547, 0.522, 1.0, 0.992, 0.321, 0.341, 0.025, 0.004]",0.276293322394878,"[49.34, 120.561, -13.353, -27.683, -33.181, -3.312, -14.65, -18.461, -21.425, 5.232, -33.079, 9.245]","[48.775, 63.718, 13.292, -40.549, 4.064, -18.78, 36.165, 2.69, -44.324, 10.685, -18.268, 19.463]",98.18750727562035
52,68.8,0.2,-15.48,-14.519,0.9610000000000003,-0.235,-7.567,-7.332,"[0.619, 0.281, 0.282, 0.341, 0.807, 1.0, 0.627, 0.27, 0.283, 0.569, 0.315, 0.417]","[0.265, 0.103, 0.086, 0.061, 0.645, 0.677, 0.98, 1.0, 0.273, 0.307, 0.102, 0.048]",1.1455007638583223,"[53.673, 79.872, -1.115, 32.081, 3.444, 22.243, -16.572, 3.209, -5.658, 8.958, 16.939, -6.76]","[48.14, 98.757, -19.342, -24.757, -19.532, -4.012, -11.066, -14.907, -18.968, 6.602, -37.439, 9.372]",94.47582401863453
53,74.2,0.1,-14.149000000000001,-14.159,-0.009999999999999787,-7.559,-9.743,-2.184,"[0.278, 0.352, 0.254, 0.193, 0.872, 0.431, 0.841, 1.0, 0.727, 0.931, 0.434, 0.058]","[1.0, 0.462, 0.333, 0.223, 0.508, 0.466, 0.428, 0.683, 0.239, 0.288, 0.075, 0.46]",1.3738202211352109,"[50.44, 105.615, 70.115, 27.183, 6.54, -28.496, -31.837, 24.191, -16.022, -14.926, -15.157, 17.571]","[47.733, 29.079, 10.595, -11.758, 29.147, -18.853, 61.553, 18.717, -69.901, -20.447, -21.547, 13.738]",152.54111501821401
54,74.3,0.2,-14.164000000000001,-15.413,-1.2489999999999988,-6.822,-8.6,-1.7779999999999996,"[1.0, 0.324, 0.195, 0.143, 0.441, 0.642, 0.487, 0.593, 0.51, 0.695, 0.362, 0.206]","[0.685, 0.623, 0.503, 0.342, 1.0, 0.336, 0.737, 0.622, 0.363, 0.833, 0.519, 0.22]",0.9263082640244553,"[49.059, 113.085, -7.019, -26.727, -19.553, 10.181, -26.47, -6.243, -24.252, 0.936, -39.475, 12.878]","[47.69, 79.607, 43.2, -42.246, 24.873, -13.118, 21.553, 7.803, -57.447, 5.018, -9.863, 25.948]",105.2222204764754
55,74.5,0.2,-18.089000000000002,-15.345999999999998,2.743000000000004,0.106,-7.971,-8.077,"[0.778, 0.299, 0.3, 0.366, 0.809, 1.0, 0.636, 0.328, 0.358, 0.811, 0.413, 0.514]","[1.0, 0.276, 0.189, 0.134, 0.413, 0.607, 0.437, 0.541, 0.445, 0.635, 0.325, 0.199]",0.81099136863471,"[54.123, 75.259, 3.153, 54.641, 11.636, -11.381, -22.05, -0.762, -4.029, -12.675, 11.014, -1.514]","[47.818, 96.945, -7.617, -28.015, -7.912, 3.737, -21.81, -3.232, -22.832, 1.916, -41.711, 14.981]",108.13574952345779
56,74.9,0.2,-14.875,-14.588,0.2870000000000008,-6.561,-7.542999999999999,-0.9819999999999993,"[0.166, 1.0, 0.654, 0.663, 0.236, 0.451, 0.331, 0.315, 0.184, 0.513, 0.156, 0.334]","[0.599, 0.602, 0.395, 0.348, 1.0, 0.742, 0.741, 0.986, 0.432, 0.407, 0.403, 0.289]",1.3909317021335017,"[49.155, 141.175, 6.18, 24.365, -62.209, 29.648, -14.381, 3.152, -10.606, -37.682, -26.081, -12.709]","[47.667, 97.49, 36.181, 37.796, 3.083, -11.226, -22.205, 10.602, -18.341, -30.2, 11.815, 10.072]",105.41528861128258
57,75.2,0.1,-19.212,-18.713,0.4989999999999988,-8.286,-11.251,-2.965,"[0.918, 1.0, 0.7, 0.698, 0.659, 0.665, 0.708, 0.707, 0.657, 0.654, 0.8, 0.459]","[0.967, 0.891, 0.823, 1.0, 0.521, 0.658, 0.96, 0.802, 0.362, 0.51, 0.789, 0.654]",0.5984513346964815,"[48.814, 8.521, -44.338, -28.559, -56.995, -16.026, -16.774, -10.317, -4.717, 49.636, 14.078, -15.076]","[44.451, 103.617, 60.538, 8.746, -32.988, 9.967, -11.117, 10.57, -4.291, -4.265, -18.827, -15.95]",164.80948419311312
58,75.8,0.1,-18.635,-17.135,1.5,-11.704,-14.665,-2.9609999999999985,"[0.589, 0.857, 1.0, 0.606, 0.577, 0.689, 0.513, 0.505, 0.546, 0.681, 0.24, 0.27]","[0.437, 0.546, 0.443, 0.384, 0.416, 1.0, 0.322, 0.277, 0.84, 0.377, 0.157, 0.361]",0.9404716901640368,"[47.981, 48.899, 82.325, -25.682, 15.232, -5.824, -34.259, -10.191, -10.208, 26.851, 2.156, -19.116]","[42.88, 52.685, 29.733, 13.368, -47.375, -27.362, -62.115, 11.112, -26.093, -29.477, -4.308, -19.996]",115.81107850287898
59,76.8,0.2,-14.311,-10.479000000000001,3.831999999999999,-9.695,-6.486000000000001,3.2089999999999996,"[0.714, 0.446, 0.422, 0.373, 1.0, 0.43, 0.365, 0.58, 0.615, 0.991, 0.214, 0.606]","[0.87, 0.446, 0.205, 0.091, 0.143, 0.111, 0.089, 0.1, 0.134, 0.258, 0.166, 1.0]",1.4899412740104894,"[47.708, 79.116, 4.329, -13.556, -10.597, -42.447, -78.527, 28.182, -32.09, -32.216, -5.303, -35.981]","[50.661, -11.68, -24.717, -9.745, -9.12, -24.907, 12.666, 1.158, -15.235, -3.123, -36.416, -12.094]",145.38301767400483
60,78.2,0.2,-11.124,-16.717,-5.592999999999998,-5.894,-6.154,-0.2599999999999998,"[0.486, 0.656, 0.666, 0.175, 0.387, 0.439, 0.978, 0.822, 1.0, 0.968, 0.558, 0.076]","[0.932, 0.431, 0.229, 0.083, 0.077, 0.128, 0.066, 0.113, 0.114, 0.27, 0.058, 1.0]",2.086191745741508,"[50.279, 47.17, 1.543, 19.526, 29.335, -20.314, 24.012, 33.504, -28.08, -18.694, -10.943, 23.016]","[48.598, -58.207, 9.062, -38.212, -17.688, -13.318, 30.106, 22.228, -36.507, -3.877, 3.236, 16.392]",132.1257760128583
61,78.4,0.2,-14.029000000000002,-14.787,-0.7579999999999991,-3.7939999999999996,-7.242999999999999,-3.449,"[0.81, 0.799, 0.47, 1.0, 0.577, 0.181, 0.461, 0.441, 0.615, 0.441, 0.249, 0.342]","[0.337, 0.464, 0.386, 0.119, 0.237, 0.305, 0.537, 0.605, 1.0, 0.777, 0.372, 0.036]",1.2855757465042656,"[51.675, 36.736, 28.949, 21.065, 64.094, -20.743, 7.162, 42.32, -33.081, 19.41, -7.642, 10.445]","[49.249, 4.892, 8.979, -6.103, 32.351, -10.073, 11.645, 47.942, -43.703, -11.549, 11.567, 16.344]",69.31860143568969
62,80.0,0.2,-15.425,-17.45,-2.0249999999999986,-6.821000000000001,-8.976,-2.1550000000000002,"[1.0, 0.557, 0.19, 0.126, 0.084, 0.196, 0.397, 0.191, 0.193, 0.296, 0.583, 0.421]","[0.098, 0.244, 0.756, 0.175, 0.24, 0.615, 1.0, 0.772, 0.52, 0.559, 0.172, 0.052]",1.6175836918070112,"[49.31, 122.484, -0.058, -27.679, -17.664, 21.868, -21.571, -15.825, -31.03, 13.598, -29.959, 13.188]","[47.674, 86.326, 64.083, -12.601, 35.089, 4.829, 2.809, 12.237, -41.921, 11.68, -30.75, 27.498]",102.14818933784387
63,80.1,0.2,-15.282,-17.814,-2.532,-0.289,-7.5489999999999995,-7.26,"[0.387, 0.215, 0.202, 0.248, 0.416, 1.0, 0.498, 0.201, 0.253, 0.238, 0.223, 0.538]","[1.0, 0.742, 0.294, 0.154, 0.11, 0.273, 0.57, 0.318, 0.402, 0.507, 0.499, 0.462]",1.2199795080246225,"[53.223, 79.285, 5.156, 37.373, 6.114, 28.606, -14.715, 6.444, 3.689, -4.218, 16.131, -11.482]","[47.559, 103.05, 13.998, -44.612, -4.46, 10.444, -10.223, -39.67, -23.279, -2.656, -21.54, 14.344]",113.14028228266005
64,80.6,0.1,-14.389000000000001,-14.637,-0.24799999999999933,-6.461,-9.074,-2.6129999999999995,"[0.455, 1.0, 0.462, 0.785, 0.314, 0.316, 0.177, 0.3, 0.162, 0.469, 0.235, 0.483]","[0.193, 0.273, 0.402, 0.438, 1.0, 0.982, 0.767, 0.602, 0.423, 0.394, 0.282, 0.13]",1.5083772737614418,"[50.147, 167.373, 5.286, 33.872, -62.799, -6.118, -21.87, -13.086, -13.24, -28.376, -23.158, -1.977]","[46.369, 121.598, 78.1, 58.521, 2.237, -12.06, -27.166, -3.454, -16.859, -31.031, 9.803, 11.573]",117.02591000714328
65,80.7,0.1,-15.802999999999999,-17.641,-1.8379999999999992,-9.214,-14.035,-4.821,"[1.0, 0.98, 0.395, 0.447, 0.165, 0.208, 0.525, 0.497, 0.681, 0.718, 0.805, 0.228]","[0.823, 1.0, 0.292, 0.351, 0.412, 0.486, 0.655, 0.603, 0.628, 0.691, 0.692, 0.474]",0.5429604037128306,"[45.939, 119.382, 34.826, 3.016, -58.971, 3.18, -14.701, 20.657, -8.73, -0.028, -29.244, -18.646]","[45.578, 77.072, 14.422, -35.456, -26.781, -35.653, -9.799, -12.984, -32.946, 32.352, -4.493, -17.105]",98.16564894605445
66,80.8,0.1,-19.227999999999998,-14.802,4.425999999999998,-9.359,-7.898,1.4610000000000003,"[1.0, 0.74, 0.07, 0.047, 0.103, 0.123, 0.333, 0.332, 0.61, 0.608, 0.836, 0.084]","[0.379, 1.0, 0.472, 0.794, 0.305, 0.341, 0.211, 0.316, 0.147, 0.457, 0.24, 0.485]",1.4246083672364134,"[48.871, 11.65, -49.848, -31.494, -48.035, -25.191, -13.957, -5.133, 8.434, -8.435, -6.562, -18.539]","[48.553, 134.564, 0.86, 40.958, -52.699, -3.649, -18.526, -17.672, -9.257, -31.014, -29.875, -2.724]",158.7729572250892
67,82.5,0.2,-16.061,-18.118,-2.0569999999999986,-8.514,-7.412000000000001,1.1019999999999985,"[1.0, 0.594, 0.209, 0.138, 0.396, 0.234, 0.334, 0.541, 0.531, 0.709, 0.562, 0.275]","[0.833, 0.382, 0.167, 0.064, 0.12, 0.148, 0.072, 0.074, 0.109, 0.221, 0.171, 1.0]",1.243025341656396,"[47.856, 4.779, 40.946, 10.868, 7.234, 9.519, -46.167, 13.879, -12.807, 3.534, -17.703, -17.728]","[48.677, -30.306, -9.858, -47.49, -33.291, -6.475, -4.734, 10.924, -27.268, 2.229, -3.843, -13.323]",106.13279508238723
68,82.8,0.2,-14.61,-19.077,-4.467000000000002,-6.406000000000001,-7.992000000000001,-1.5860000000000003,"[1.0, 0.149, 0.087, 0.086, 0.168, 0.059, 0.101, 0.426, 0.847, 0.834, 0.16, 0.211]","[0.62, 0.376, 0.078, 0.039, 0.189, 0.094, 0.041, 0.147, 0.194, 1.0, 0.702, 0.177]",1.0149931034248458,"[49.329, 38.051, 4.451, -45.817, 10.006, -12.982, -42.434, -20.13, -39.957, 10.142, -22.576, -15.89]","[46.316, 63.203, 13.465, -38.259, 8.79, 11.848, -46.604, -59.134, -58.744, 0.222, -15.119, -25.689]",59.49596897269596
69,84.4,0.2,-8.426,-19.485,-11.059,-0.22,-6.934,-6.714,"[1.0, 0.668, 0.626, 0.234, 0.273, 0.345, 0.201, 0.383, 0.281, 0.184, 0.214, 0.517]","[1.0, 0.508, 0.231, 0.227, 0.544, 0.554, 0.621, 0.658, 0.556, 0.602, 0.611, 0.484]",0.9797285338296523,"[55.097, 72.846, -10.622, 58.92, 16.605, -44.823, -9.503, 10.609, -15.101, -24.045, -14.709, 38.505]","[47.034, 55.325, 80.505, -66.593, 41.512, -44.748, 44.877, -53.844, -76.214, 38.574, 3.123, 29.373]",200.54598018658965
70,85.4,0.2,-12.114,-11.415,0.6990000000000016,-5.149,-6.33,-1.181,"[0.039, 0.026, 0.226, 0.097, 0.058, 0.278, 0.115, 0.076, 0.12, 1.0, 0.988, 0.104]","[0.818, 0.195, 0.222, 0.22, 0.192, 0.194, 0.203, 0.125, 0.114, 0.336, 0.18, 1.0]",1.606958618011055,"[50.688, 119.646, -15.833, -1.559, -2.039, 2.539, -61.513, 48.633, -25.277, 1.857, -2.697, 2.598]","[50.754, 27.457, 15.654, 20.227, -6.992, -54.305, 41.439, 76.3, -32.081, -34.305, 8.552, 16.575]",162.05279377412782
71,86.9,0.2,-12.231,-17.194000000000003,-4.963000000000003,-7.521,-8.272,-0.7510000000000003,"[0.112, 0.072, 0.053, 0.073, 0.077, 0.592, 0.536, 0.379, 1.0, 0.626, 0.102, 0.027]","[0.389, 0.584, 1.0, 0.428, 0.376, 0.855, 0.72, 0.411, 0.386, 0.186, 0.19, 0.687]",1.6028402914825919,"[48.784, 91.202, 6.522, 15.125, -7.886, -16.982, -90.601, 20.709, -39.773, 42.433, -18.908, -19.016]","[48.855, 94.218, 4.644, -38.937, 29.402, -6.826, -77.708, 69.788, 6.504, -21.929, 20.578, -24.806]",121.98582320909262
72,91.7,0.3,-16.073,-10.086,5.987,-8.994,-1.797,7.197,"[0.247, 0.217, 0.233, 1.0, 0.58, 0.19, 0.181, 0.408, 0.449, 0.439, 0.674, 0.306]","[0.495, 0.134, 0.071, 0.067, 0.353, 0.097, 0.115, 0.26, 1.0, 0.598, 0.166, 0.104]",1.2958834824165326,"[46.978, 10.833, -31.376, -48.537, 24.909, -14.229, -48.955, 11.822, -0.81, 9.618, -6.244, -13.282]","[52.04, 68.268, -23.601, 90.723, 17.47, -26.537, -23.861, -13.342, -18.319, -17.312, -33.479, 17.451]",164.21332195044346
73,99.8,0.2,-14.255,-21.058000000000003,-6.803000000000003,-4.211,-7.547999999999999,-3.336999999999999,"[0.751, 0.39, 0.348, 0.333, 1.0, 0.518, 0.189, 0.633, 0.414, 0.466, 0.438, 0.908]","[0.528, 0.163, 0.195, 0.32, 0.622, 1.0, 0.172, 0.321, 0.285, 0.18, 0.068, 0.337]",1.0765941668056724,"[49.725, 22.884, 0.277, 69.602, 32.84, 17.053, -50.966, -11.155, -28.902, 25.801, -44.016, -18.98]","[48.848, 4.307, 31.304, -30.402, 83.318, 29.936, 5.811, 1.834, -13.26, 31.752, 18.29, -16.377]",146.91695149301185
74,103.1,0.3,-19.723,-18.183,1.5399999999999991,-9.101,-0.737,8.364,"[0.198, 0.228, 0.124, 1.0, 0.715, 0.413, 0.765, 0.428, 0.139, 0.107, 0.545, 0.339]","[0.138, 0.073, 0.133, 0.11, 0.147, 0.373, 0.189, 0.135, 0.595, 1.0, 0.13, 0.214]",1.6597861308011945,"[42.687, 192.297, -58.738, 7.67, 23.061, 3.725, -18.087, -76.097, -34.002, 27.784, -72.119, 27.991]","[52.671, 50.933, -38.265, 80.048, 12.737, -12.92, -37.717, 0.626, -8.73, -21.611, -35.199, 11.501]",192.63987776158913
75,105.8,0.2,-14.189,-18.439,-4.25,-7.6129999999999995,0.04,7.653,"[0.056, 0.123, 0.087, 0.201, 0.902, 0.323, 0.119, 0.116, 0.313, 1.0, 0.2, 0.05]","[0.329, 0.272, 0.247, 0.356, 0.82, 1.0, 0.604, 0.473, 0.37, 0.308, 0.211, 0.315]",1.235532678645126,"[50.968, 46.665, 87.416, -8.217, 52.544, -15.904, 9.937, 19.885, 14.955, -7.583, 15.755, -17.108]","[48.927, 97.61, -25.443, -107.398, 32.761, 26.974, -15.156, -30.913, 14.975, -20.95, -36.701, 16.304]",186.1726068544994
76,108.0,0.2,-17.569000000000003,-21.447,-3.8779999999999966,-6.529,-10.56,-4.031000000000001,"[0.605, 0.289, 0.343, 0.155, 0.159, 0.532, 0.239, 0.214, 0.252, 1.0, 0.622, 0.717]","[0.864, 0.327, 0.146, 0.039, 0.038, 0.116, 0.059, 0.047, 0.047, 0.135, 0.126, 1.0]",1.2186595094611128,"[48.645, 53.802, -39.296, 41.562, 9.571, -44.449, -75.866, 38.858, -29.414, 17.018, -22.362, -12.382]","[45.663, -27.811, -55.185, -64.352, -20.347, -47.98, -26.321, 50.661, 0.105, 12.221, -12.54, -15.176]",150.4660859429792
77,109.4,0.2,-14.993,-23.943,-8.950000000000001,-8.318999999999999,-8.837,-0.5180000000000007,"[0.226, 0.353, 0.626, 0.255, 0.39, 0.568, 0.216, 0.134, 0.417, 1.0, 0.179, 0.256]","[0.7, 0.318, 0.166, 0.113, 0.283, 0.266, 0.104, 0.037, 0.12, 0.26, 0.14, 1.0]",1.33159190445121,"[48.254, 4.93, 25.159, 29.063, 66.515, -23.745, -18.444, 54.517, 13.292, -12.909, -17.842, 6.434]","[47.073, -38.713, -50.036, -35.528, 25.638, -35.152, -6.254, -7.781, 27.847, 21.544, -10.337, -7.098]",138.5690242478455
78,110.2,0.2,-20.656,-17.405,3.2509999999999977,-9.829,-0.733,9.096,"[0.114, 0.078, 0.051, 0.035, 0.212, 0.058, 0.067, 0.161, 0.282, 1.0, 0.172, 0.111]","[0.079, 0.065, 0.057, 0.06, 0.122, 0.284, 0.199, 0.24, 0.667, 1.0, 0.149, 0.112]",0.48337459593983634,"[45.974, 67.257, 5.362, -32.578, 78.527, 16.772, -10.403, -68.294, 12.068, 43.537, -31.286, 11.392]","[51.996, 47.364, -66.029, 92.894, 12.265, -34.996, -33.494, 4.02, -6.616, -28.755, -27.987, 21.771]",199.4963987268943
79,111.0,0.2,-13.085999999999999,-12.795,0.2909999999999986,-6.223,-8.397,-2.1740000000000004,"[0.077, 0.142, 0.073, 0.066, 0.17, 0.092, 0.13, 0.181, 0.494, 1.0, 0.096, 0.106]","[0.287, 0.187, 0.171, 0.132, 0.112, 0.044, 0.049, 0.068, 0.276, 1.0, 0.498, 0.835]",0.9086539495319437,"[50.219, 133.145, -20.812, -21.041, 38.341, -24.187, -25.535, -14.221, -29.3, -15.974, -22.703, 11.031]","[49.511, 25.333, -22.015, -13.961, 76.415, -37.289, -5.618, 11.685, 1.659, 9.481, -13.077, 17.325]",126.89875034845694
80,111.6,0.2,-17.516,-11.783,5.732999999999999,-8.362,-1.619,6.743,"[0.348, 0.03, 0.049, 0.066, 0.068, 0.091, 0.093, 0.171, 0.656, 0.111, 0.045, 1.0]","[0.54, 0.127, 0.11, 0.425, 0.676, 0.317, 0.274, 0.141, 0.894, 0.818, 0.204, 1.0]",1.1022930644796782,"[47.629, 47.299, -47.589, 36.24, 32.749, -21.734, -75.489, 23.785, -20.083, -18.097, -34.01, -12.064]","[53.286, 41.12, -23.282, 68.396, 29.463, -35.827, -17.049, -22.681, -10.744, -15.561, -30.297, 16.803]",91.757788503211
81,111.8,0.2,-22.226999999999997,-18.427,3.799999999999997,-12.919,-9.077,3.8420000000000005,"[0.251, 0.014, 0.004, 0.065, 0.087, 0.028, 0.012, 0.011, 0.218, 1.0, 0.237, 0.7]","[0.295, 0.025, 0.04, 0.053, 0.053, 0.083, 0.093, 0.229, 0.939, 0.123, 0.049, 1.0]",1.2149390931236017,"[44.767, -0.458, -51.092, -60.793, 55.344, -12.538, -44.201, -1.728, 17.865, 29.224, -8.292, -5.447]","[46.769, 19.452, -54.826, 30.528, 51.083, -10.222, -72.741, 31.492, -17.018, -13.845, -29.553, -11.074]",119.37738302542907
82,112.7,0.2,-12.282,-18.142,-5.859999999999999,-3.708,-4.819,-1.1109999999999998,"[0.264, 0.29, 0.212, 0.559, 0.156, 0.1, 0.15, 0.409, 1.0, 0.239, 0.129, 0.086]","[0.53, 0.239, 0.307, 1.0, 0.182, 0.103, 0.09, 0.264, 0.772, 0.183, 0.77, 0.341]",0.9127973488129772,"[53.866, 76.938, 61.057, 21.477, 39.099, -14.32, -22.82, -46.433, -20.267, -1.143, -6.177, 12.156]","[51.761, 93.606, -12.926, -24.548, 91.015, 0.42, -12.557, -7.894, -1.415, 35.519, -8.796, -18.149]",122.48229603906027
83,115.8,0.2,-10.477,-16.134,-5.657,-6.125,-0.87,5.255,"[0.17, 0.15, 0.312, 0.537, 0.169, 0.274, 0.295, 0.444, 1.0, 0.24, 0.207, 0.293]","[0.51, 0.238, 0.565, 0.272, 0.517, 1.0, 0.509, 0.233, 0.218, 0.333, 0.389, 0.805]",1.382575856870067,"[49.728, 118.203, -36.82, -1.283, -6.256, -14.701, -60.173, -7.645, -1.482, 26.044, -46.142, 0.684]","[53.82, 100.686, -41.324, 25.627, 29.467, -24.278, -30.22, 6.237, -25.139, -6.223, 15.382, 14.575]",95.41877726632217
84,116.0,0.2,-19.399,-11.295,8.104000000000001,-7.761,-7.734,0.027000000000000135,"[0.441, 0.337, 0.099, 0.114, 0.224, 0.115, 0.113, 0.108, 0.14, 0.213, 1.0, 0.902]","[0.135, 0.132, 0.318, 0.51, 0.149, 0.26, 0.302, 0.441, 1.0, 0.244, 0.203, 0.267]",1.5141641258463363,"[44.841, 16.354, -66.161, 23.347, 49.635, 23.785, -46.113, 33.768, 20.574, 29.549, -58.778, 2.725]","[49.308, 104.198, -49.394, 1.065, 5.276, -16.942, -56.215, -20.292, 1.904, 29.643, -43.924, 4.922]",125.45569541874136
85,116.9,0.2,-17.473,-24.305999999999997,-6.832999999999998,-0.82,-9.568,-8.748,"[0.358, 0.345, 0.216, 0.301, 0.698, 1.0, 0.507, 0.398, 0.291, 0.296, 0.241, 0.32]","[0.414, 0.392, 0.655, 1.0, 0.626, 0.14, 0.129, 0.534, 0.956, 0.598, 0.154, 0.418]",1.4640467888698094,"[49.579, 46.927, -10.083, 46.041, 37.038, 60.511, -20.734, 55.48, 6.142, -23.825, -47.43, 2.914]","[44.962, -0.765, -12.847, 48.368, 80.666, 35.616, -37.98, -26.74, -0.619, 11.622, -39.927, 13.327]",115.57050233948107
86,117.2,0.2,-23.963,-18.281,5.682000000000002,-10.644,-1.49,9.154,"[0.045, 0.037, 0.245, 0.52, 0.045, 0.092, 0.223, 1.0, 0.854, 0.072, 0.047, 0.055]","[0.316, 0.304, 0.216, 0.285, 0.669, 1.0, 0.475, 0.401, 0.294, 0.379, 0.296, 0.349]",1.547005817700761,"[44.413, 45.907, 3.873, 28.766, 46.317, 13.239, -39.719, -10.083, -1.086, 44.226, -31.163, 4.104]","[48.063, 35.16, -21.068, 50.318, 45.216, 53.969, -23.742, 64.54, 2.46, -24.061, -49.138, 6.754]",117.06910806442492
87,118.3,0.3,-27.988000000000003,-21.636999999999997,6.351000000000006,0.251,-8.889,-9.139999999999999,"[0.643, 0.527, 0.518, 0.614, 0.778, 1.0, 0.596, 0.406, 0.46, 0.278, 0.316, 0.465]","[0.273, 0.343, 0.818, 0.791, 0.315, 0.696, 0.662, 0.834, 1.0, 0.339, 0.271, 0.317]",1.0515036852051447,"[46.628, -2.635, 15.006, -117.278, 40.441, 72.394, -29.56, 51.803, 14.876, 11.014, -5.594, -3.478]","[41.343, 73.836, -83.365, -8.425, 35.002, 21.956, -37.38, 33.169, -1.348, -28.819, -38.187, -10.573]",182.609024902933
88,119.1,0.1,-17.133,-19.55,-2.4170000000000016,-8.764,-11.450999999999999,-2.6869999999999994,"[1.0, 0.911, 0.078, 0.048, 0.169, 0.169, 0.362, 0.367, 0.627, 0.632, 0.866, 0.033]","[0.069, 0.074, 0.085, 0.123, 0.114, 0.096, 0.16, 0.713, 1.0, 0.31, 0.052, 0.018]",1.6271176970336227,"[49.066, 69.814, -129.6, -47.949, 37.787, -64.193, -5.918, 0.298, 0.178, 20.287, -15.028, 4.83]","[42.371, 21.377, -72.886, 66.552, -20.942, -16.004, -63.79, 28.726, -30.119, -10.69, -37.443, -17.404]",177.54093398425053
89,119.8,0.2,-23.245,-15.292,7.953000000000001,0.14300000000000002,-8.492,-8.635000000000002,"[0.431, 0.307, 0.262, 0.266, 0.484, 0.519, 0.53, 1.0, 0.59, 0.434, 0.322, 0.207]","[0.145, 0.141, 0.431, 0.279, 0.302, 0.099, 0.178, 1.0, 0.659, 0.316, 0.093, 0.117]",0.7421158939141514,"[53.473, 57.716, -44.417, 89.018, 17.266, -9.1, -48.883, 5.959, -12.843, -21.956, -36.982, 16.305]","[46.67, 9.702, -34.482, -19.449, 83.539, -31.83, -46.604, 26.772, 20.756, 22.185, -35.639, 3.638]",151.00375749629544
90,120.3,0.2,-23.095,-20.714000000000002,2.3809999999999967,-8.779,-9.7,-0.9209999999999994,"[0.744, 0.835, 0.523, 0.574, 0.528, 0.292, 0.318, 0.416, 0.704, 1.0, 0.507, 0.463]","[0.134, 0.097, 0.079, 0.081, 0.373, 0.275, 0.387, 1.0, 0.52, 0.376, 0.245, 0.087]",1.5363306935682826,"[44.642, 93.404, -25.014, -130.818, 32.811, 5.203, 11.162, -63.677, 7.867, -39.439, 12.26, -0.686]","[45.585, 95.047, -54.639, -11.466, 63.189, 30.27, -39.059, -70.83, -13.405, -10.269, -19.351, 21.264]",148.44212863941289
91,123.6,0.2,-13.754000000000001,-35.61,-21.855999999999998,-8.013,-6.155,1.8579999999999997,"[0.077, 0.126, 0.44, 0.232, 0.18, 0.24, 0.57, 1.0, 0.998, 0.452, 0.21, 0.029]","[1.0, 0.798, 0.072, 0.062, 0.08, 0.093, 0.195, 0.209, 0.496, 0.472, 0.77, 0.117]",1.6850816003980342,"[48.311, 36.519, -56.623, 11.698, 32.234, -21.333, -63.449, 42.28, 4.827, 27.0, -30.56, 0.75]","[49.352, 38.211, -11.878, 26.98, 18.592, 18.651, -28.621, -30.111, -16.009, 35.62, -39.184, -20.931]",107.38135039195586
92,127.4,0.2,-28.824,-18.932000000000002,9.892,-11.235,-10.251,0.984,"[0.009, 0.022, 0.007, 0.01, 0.031, 0.031, 0.009, 0.012, 0.03, 1.0, 0.66, 0.027]","[0.02, 0.016, 0.014, 0.09, 0.056, 0.108, 0.075, 0.186, 1.0, 0.201, 0.036, 0.027]",1.4200242955668048,"[43.776, 36.386, -48.986, -18.49, 11.47, 33.808, -26.927, -19.684, -26.696, 37.138, -30.032, 1.698]","[44.711, -16.767, -48.092, 15.588, 64.161, -3.567, -44.334, 49.804, -4.206, 32.017, -42.02, 14.009]",118.8290387868218
93,128.7,0.2,-18.159000000000002,-15.243,2.916000000000002,-7.169,-8.789,-1.62,"[0.829, 0.332, 0.135, 0.174, 0.063, 0.116, 0.05, 0.114, 0.505, 0.23, 0.064, 1.0]","[0.012, 0.016, 0.008, 0.022, 0.089, 0.019, 0.012, 0.008, 0.042, 1.0, 0.184, 0.012]",1.6208503940833034,"[46.137, 34.175, -89.322, -21.216, -4.351, -16.327, -34.999, -2.79, -10.251, 15.627, -68.724, -13.345]","[47.539, 19.447, -25.451, 23.184, 20.992, -23.903, -25.137, -15.898, -4.605, 11.261, -20.115, 4.696]",99.88862896245999
94,130.9,0.2,-25.891,-18.006,7.884999999999998,-6.45,-6.87,-0.41999999999999993,"[1.0, 0.748, 0.31, 0.136, 0.1, 0.233, 0.305, 0.588, 0.974, 0.296, 0.365, 0.388]","[0.583, 0.14, 0.079, 0.067, 0.114, 0.2, 0.076, 0.143, 0.388, 1.0, 0.286, 0.787]",1.3630407183939883,"[43.366, 23.5, -47.6, -70.231, 44.542, 85.96, -21.676, -32.51, -4.373, -36.703, -44.167, 7.898]","[44.96, 34.963, -53.306, -72.81, 50.453, -7.344, -21.465, -46.446, 0.07, 6.221, -38.584, -3.65]",105.52118296342208
95,132.2,0.2,-19.952,-28.29,-8.337999999999997,-9.646,-7.122999999999999,2.5230000000000015,"[0.09, 0.041, 0.134, 0.112, 0.057, 0.849, 0.407, 1.0, 0.958, 0.163, 0.093, 0.045]","[0.809, 0.383, 0.184, 0.102, 0.13, 0.227, 0.15, 0.176, 0.266, 0.132, 0.078, 1.0]",1.77928019153814,"[42.752, 41.456, -51.636, 28.057, 70.17, 2.603, -64.306, -45.248, -23.582, 27.223, -58.052, 17.817]","[48.037, -26.63, -77.316, 13.59, 29.889, -7.813, -16.688, -26.432, 21.035, 24.759, -20.576, 2.097]",116.33260879048488
96,136.3,0.1,-11.752,-15.182,-3.4299999999999997,-8.729,-8.506,0.22299999999999898,"[0.107, 0.202, 0.184, 0.176, 0.726, 0.719, 0.982, 1.0, 0.543, 0.55, 0.095, 0.049]","[0.16, 0.453, 1.0, 0.339, 0.305, 0.204, 0.314, 0.251, 0.403, 0.295, 0.119, 0.089]",1.514835634648195,"[49.364, 42.125, -15.634, 4.192, -5.539, -49.855, 70.06, 20.397, -71.404, -1.516, -11.486, 17.221]","[49.842, 85.514, 34.662, -18.624, 87.369, -29.522, 26.195, -2.059, -28.293, -4.57, -9.891, 33.088]",136.12134197839808
97,142.3,0.2,-15.368,-12.940999999999999,2.4270000000000014,-6.426,-10.021,-3.5950000000000006,"[1.0, 0.323, 0.169, 0.123, 0.498, 0.689, 0.855, 0.96, 0.485, 0.617, 0.345, 0.214]","[1.0, 0.487, 0.276, 0.183, 0.716, 0.522, 0.643, 0.839, 0.397, 0.582, 0.215, 0.314]",0.46131551025301537,"[49.734, 111.102, -9.375, -24.867, -17.042, 2.724, -25.21, -21.037, -29.103, 2.313, -43.687, 12.151]","[48.331, 58.165, 6.914, -6.888, 22.247, -54.161, 61.259, 21.666, -68.098, -9.053, 6.483, 20.58]",147.34553328146734
98,143.2,0.1,-19.067999999999998,-17.05,2.017999999999997,-8.472000000000001,-12.619000000000002,-4.147,"[0.826, 1.0, 0.81, 0.806, 0.634, 0.641, 0.644, 0.641, 0.57, 0.569, 0.697, 0.568]","[0.478, 1.0, 0.373, 0.498, 0.502, 0.461, 0.515, 0.617, 0.629, 0.668, 0.632, 0.397]",0.7216134699407988,"[49.351, -10.461, -47.261, -48.078, -51.523, -32.696, -17.796, 6.275, 13.977, 14.296, 7.452, -27.43]","[46.308, 83.385, -4.846, -21.654, -27.188, -28.724, -5.64, -30.272, -31.531, 18.22, -12.256, -19.703]",126.25173168317336
99,145.3,0.2,-13.995999999999999,-15.975,-1.979000000000001,-0.585,-6.876,-6.291,"[0.323, 0.23, 0.111, 0.484, 1.0, 0.503, 0.34, 0.245, 0.669, 0.96, 0.315, 0.312]","[0.232, 0.076, 0.12, 0.073, 0.2, 0.108, 0.094, 0.231, 0.502, 1.0, 0.628, 0.388]",1.091315719670527,"[55.288, 45.003, 11.065, 50.791, 16.074, -8.28, -12.086, -19.932, -10.983, -16.113, -25.418, 10.243]","[48.404, 82.621, 20.167, -35.84, 5.889, 23.894, -56.701, -42.764, -46.802, 2.996, -30.594, -28.85]",126.11180421356282
100,145.5,0.1,-13.283,-17.094,-3.8110000000000017,-8.925,-7.832000000000001,1.093,"[0.091, 0.068, 0.077, 0.112, 0.249, 0.101, 0.103, 0.221, 1.0, 0.481, 0.117, 0.1]","[0.26, 0.1, 0.084, 0.037, 0.104, 0.13, 0.086, 0.242, 0.203, 1.0, 0.559, 0.202]",1.0808297738311987,"[49.423, 66.813, 54.38, 16.419, -7.647, -20.633, -16.047, 2.272, -27.139, -18.209, -3.715, 36.044]","[48.899, 62.399, 41.781, -28.601, 46.927, 13.003, -48.84, -24.689, -23.75, 22.81, -9.857, -5.016]",107.40094487945625
101,146.4,0.2,-12.685,-14.533,-1.847999999999999,-5.566,-7.392,-1.8260000000000005,"[0.348, 0.372, 0.741, 0.695, 0.718, 0.763, 0.661, 0.621, 0.669, 0.833, 1.0, 0.696]","[0.921, 0.432, 0.04, 0.03, 0.043, 0.044, 0.201, 0.194, 0.568, 0.578, 1.0, 0.031]",1.7746889868368485,"[50.706, 46.147, 27.115, -8.461, 43.243, 5.762, 23.405, -5.954, -46.483, 10.728, -24.044, 29.401]","[49.354, -46.722, -23.721, -26.789, -14.563, -5.826, 18.422, 6.662, -18.181, -27.5, -16.722, 18.057]",132.85775806478145
102,147.4,0.2,-12.477,-16.62,-4.143000000000001,-7.394,-5.792999999999999,1.6010000000000009,"[0.91, 0.306, 0.142, 0.04, 0.049, 0.128, 0.09, 0.072, 0.031, 0.082, 0.039, 1.0]","[0.212, 0.279, 0.276, 0.403, 1.0, 0.453, 0.179, 0.257, 0.393, 0.992, 0.436, 0.191]",1.8603935067614055,"[50.067, -7.403, -0.407, -3.875, -29.745, -28.26, 29.153, -0.941, -18.997, -2.601, -13.798, 19.314]","[49.197, 35.888, 52.121, 11.66, 71.084, 9.134, 22.176, -14.946, -22.528, 42.634, -38.761, 6.631]",139.7415280616324
103,148.8,0.1,-16.633,-18.035999999999998,-1.4029999999999987,-9.277999999999999,-12.697000000000001,-3.4190000000000023,"[0.85, 1.0, 0.645, 0.662, 0.669, 0.703, 0.924, 0.844, 0.915, 0.905, 0.639, 0.329]","[0.853, 1.0, 0.864, 0.882, 0.91, 0.909, 0.571, 0.567, 0.284, 0.271, 0.932, 0.444]",1.139041702485032,"[44.612, 109.14, 38.874, 55.209, -44.994, -60.817, -18.608, -6.752, -8.483, 11.235, 3.07, -18.076]","[45.528, 65.757, -5.661, -8.162, -14.653, -42.202, 1.71, -38.667, -43.317, 32.102, -11.94, -13.046]",111.71435320047286
104,150.3,0.2,-16.061,-16.248,-0.18700000000000117,-10.75,-5.767,4.983,"[0.997, 0.471, 0.05, 0.044, 0.067, 0.062, 0.303, 0.313, 0.616, 0.625, 1.0, 0.051]","[0.078, 0.109, 0.46, 0.841, 0.534, 1.0, 0.268, 0.357, 0.745, 0.38, 0.857, 0.097]",1.7260472183575974,"[47.232, -28.625, -15.92, -27.079, -78.285, -28.802, -18.23, 30.846, -28.058, -1.961, -5.316, -34.737]","[50.397, 25.529, 68.348, 40.485, 76.526, -4.657, -27.466, -14.136, 1.129, -4.662, -15.981, -26.628]",205.68288237721677
105,150.6,0.2,-17.205,-18.919,-1.7140000000000022,-5.926,-5.874,0.05200000000000049,"[1.0, 0.292, 0.11, 0.066, 0.169, 0.111, 0.205, 0.327, 0.383, 0.682, 0.923, 0.392]","[0.882, 0.428, 0.203, 0.065, 0.093, 0.193, 0.089, 0.089, 0.108, 0.158, 0.137, 1.0]",1.2088552436085969,"[49.01, 78.502, 17.64, -71.741, 13.217, 23.759, -48.998, -24.666, -54.941, 39.548, -27.01, -13.91]","[50.189, -21.902, -11.071, -60.218, -13.944, 0.545, 10.087, 1.867, -16.043, -2.242, -3.237, -18.179]",142.66723426211078
106,150.8,0.2,-13.630999999999998,-13.453,0.17799999999999905,-4.6339999999999995,-6.746,-2.112000000000001,"[1.0, 0.16, 0.091, 0.093, 0.186, 0.074, 0.098, 0.269, 0.73, 0.895, 0.581, 0.802]","[1.0, 0.42, 0.064, 0.235, 0.337, 0.136, 0.254, 0.347, 0.537, 0.442, 0.545, 0.876]",0.6283215737184265,"[49.749, 38.226, 4.971, -36.122, 8.778, -4.451, -41.287, -47.243, -30.059, -8.686, -11.692, -15.424]","[49.544, -5.242, 19.285, 28.03, 16.027, -1.475, -43.92, 11.149, -10.005, -10.174, -9.498, -13.432]",100.50373345801637
107,151.3,0.3,-18.340999999999998,-18.802,-0.4610000000000021,-4.9830000000000005,0.29600000000000004,5.279000000000001,"[0.94, 0.541, 0.193, 0.175, 0.146, 0.162, 0.055, 0.094, 0.169, 0.222, 0.079, 1.0]","[0.101, 0.08, 0.093, 0.08, 0.3, 0.375, 0.204, 0.142, 0.29, 1.0, 0.513, 0.247]",1.550595691984213,"[49.04, 65.681, 23.902, -51.854, -12.451, 19.123, 45.22, 23.652, -59.256, -2.487, -23.136, 42.731]","[52.75, 44.67, -7.571, 55.406, 36.167, 38.48, -9.902, 24.955, -24.794, -11.615, 26.675, 7.181]",154.0938274720957
108,151.9,0.1,-12.341,-18.053,-5.7120000000000015,-6.204,-8.182,-1.9780000000000006,"[0.52, 0.923, 0.797, 0.257, 0.533, 0.652, 0.817, 0.786, 0.658, 1.0, 0.744, 0.286]","[0.195, 0.227, 0.144, 0.188, 0.574, 0.466, 0.2, 0.21, 0.866, 1.0, 0.824, 0.059]",1.3678983880391118,"[49.037, -40.166, 15.798, 67.457, 13.322, -55.831, 7.255, 5.234, -20.307, -15.365, -12.883, 21.082]","[50.198, -18.021, 48.68, 2.981, 39.029, -21.727, -4.803, -17.452, -28.816, 14.957, 3.402, 19.361]",97.33499834078182
109,152.0,0.2,-17.762,-11.283,6.479000000000001,-6.023,-4.809,1.2139999999999995,"[0.157, 0.115, 0.414, 0.177, 0.301, 0.38, 0.31, 0.345, 0.376, 1.0, 0.425, 0.108]","[0.918, 0.569, 0.346, 0.103, 0.084, 0.218, 0.121, 0.182, 0.131, 0.176, 0.132, 1.0]",1.5973334028937103,"[48.939, 72.028, 27.871, -15.438, 26.314, 13.322, 27.576, -26.936, -56.488, -20.965, -14.878, 47.52]","[52.249, 69.954, -55.171, -11.616, 33.501, -15.27, 20.969, -33.128, -38.619, -28.807, -12.993, 24.718]",93.70843251276803
110,152.3,0.1,-15.077,-13.522,1.5549999999999997,-4.117,-7.127000000000001,-3.0100000000000007,"[1.0, 0.229, 0.091, 0.067, 0.119, 0.079, 0.109, 0.114, 0.077, 0.07, 0.149, 0.638]","[0.553, 1.0, 0.872, 0.294, 0.501, 0.619, 0.722, 0.681, 0.628, 0.994, 0.853, 0.33]",2.0828775768153056,"[52.373, 11.971, 85.456, -16.544, 56.457, 15.972, -10.693, -3.358, 3.198, -2.01, 16.658, 8.925]","[48.227, -61.768, 11.635, 66.921, 16.349, -50.823, 8.664, 3.867, -24.498, -15.225, -16.584, 18.548]",162.80979945936915
111,152.4,0.2,-7.392,-18.844,-11.452000000000002,2.0,-6.575,-8.575,"[1.0, 0.694, 0.688, 0.359, 0.618, 0.819, 0.447, 0.418, 0.292, 0.249, 0.345, 0.626]","[0.089, 0.057, 0.26, 0.115, 0.136, 0.204, 0.141, 0.141, 0.343, 1.0, 0.51, 0.115]",1.7647300076782284,"[56.802, 68.269, -10.699, 37.375, 26.0, -11.465, -14.387, 24.953, -14.805, -27.528, 7.588, 28.812]","[47.88, 60.525, 19.541, -19.827, 32.814, 11.284, 29.646, -28.681, -59.359, -24.797, -16.348, 45.31]",111.99638406216515
112,152.6,0.1,-9.517999999999999,-17.928,-8.410000000000002,-6.3629999999999995,-10.427,-4.064,"[0.873, 1.0, 0.439, 0.106, 0.028, 0.09, 0.154, 0.189, 0.18, 0.179, 0.34, 0.153]","[0.413, 0.463, 0.406, 0.401, 0.54, 0.513, 0.535, 0.536, 0.998, 1.0, 0.83, 0.219]",1.6977476255321342,"[52.273, 1.715, 13.693, -27.412, 71.158, -40.003, 24.378, -19.384, -15.286, 12.333, -8.776, 10.634]","[45.985, 36.441, 16.165, 15.379, 14.462, -48.857, 56.124, -32.153, -88.399, -8.725, 18.878, 27.649]",119.95625939483108
113,152.6,0.1,-9.517999999999999,-15.789000000000001,-6.271000000000003,-6.3629999999999995,-5.129,1.234,"[0.873, 1.0, 0.439, 0.106, 0.028, 0.09, 0.154, 0.189, 0.18, 0.179, 0.34, 0.153]","[1.0, 0.282, 0.104, 0.049, 0.085, 0.053, 0.1, 0.099, 0.052, 0.039, 0.105, 0.536]",0.9490305579906265,"[52.273, 1.715, 13.693, -27.412, 71.158, -40.003, 24.378, -19.384, -15.286, 12.333, -8.776, 10.634]","[51.745, -12.705, 89.315, -6.149, 70.193, 0.434, -7.359, -1.235, -2.145, 4.369, 18.853, 10.262]",101.74150580269588
114,152.7,0.2,-9.201,-8.136000000000001,1.0649999999999995,-5.852,1.045,6.897,"[1.0, 0.935, 0.404, 0.216, 0.154, 0.326, 0.19, 0.256, 0.475, 0.381, 0.252, 0.643]","[1.0, 0.717, 0.772, 0.375, 0.618, 0.834, 0.449, 0.449, 0.336, 0.271, 0.367, 0.655]",0.9114323891545658,"[50.364, 20.878, 39.645, 52.439, 37.576, -40.091, 59.152, 7.189, 25.352, -23.666, -21.064, 10.246]","[55.686, 56.23, -24.938, 43.71, 35.81, -24.148, -13.158, 25.182, -13.749, -31.023, 6.599, 26.538]",118.10467202867125
115,153.4,0.3,-11.498,-12.873,-1.375,-5.477,-5.0169999999999995,0.46000000000000085,"[0.031, 0.029, 0.205, 0.07, 0.063, 0.231, 0.091, 0.116, 0.236, 0.572, 1.0, 0.169]","[0.772, 0.27, 0.106, 0.072, 0.088, 0.167, 0.091, 0.049, 0.036, 0.138, 0.081, 1.0]",1.5458508983728023,"[50.483, 119.487, -8.543, -10.962, 0.586, -14.74, -45.316, 51.335, -37.809, 1.829, -14.663, 28.419]","[51.149, 15.736, -8.309, -19.576, 26.737, -31.13, 42.07, 45.366, -38.415, 22.09, -4.811, 19.292]",141.6144680355789
116,155.8,0.1,-18.444000000000003,-16.586,1.858000000000004,-6.415,-8.495,-2.079999999999999,"[0.04, 0.034, 0.044, 0.033, 0.053, 0.164, 0.058, 0.064, 0.067, 0.217, 1.0, 0.107]","[0.198, 0.085, 0.068, 0.106, 0.325, 0.37, 0.211, 0.243, 0.692, 1.0, 0.461, 0.079]",1.2248914237596735,"[51.241, 49.931, 92.787, -22.888, 55.818, 13.823, -66.964, 15.741, -15.886, -18.225, 16.023, -13.489]","[48.411, 17.517, 53.308, 17.738, 20.038, -4.726, -65.071, -6.832, -24.708, -6.05, 5.395, -11.971]",82.1368017943236
117,155.9,0.3,-9.318,-14.765,-5.447000000000001,-2.5610000000000004,-7.167000000000001,-4.606,"[0.724, 0.269, 0.083, 0.085, 0.096, 0.158, 0.054, 0.107, 0.117, 0.141, 0.093, 1.0]","[0.111, 0.275, 0.145, 0.147, 0.725, 0.497, 0.169, 0.202, 0.296, 1.0, 0.497, 0.174]",1.5911376433231665,"[52.769, 82.226, -49.694, 15.287, 16.993, -33.284, -57.192, 39.151, -18.424, -18.7, 1.23, -26.704]","[47.362, 22.377, 59.339, 16.476, 25.219, -4.933, 2.842, 19.787, -3.888, -22.058, -44.972, -14.846]",151.15901434251285
118,159.1,0.2,-18.233,-14.98,3.253,-8.874,-8.243,0.6310000000000002,"[0.168, 0.079, 0.028, 0.025, 0.593, 0.542, 0.981, 1.0, 0.413, 0.432, 0.05, 0.032]","[0.91, 0.356, 0.185, 0.183, 0.143, 0.358, 0.368, 0.281, 0.234, 0.197, 0.16, 1.0]",1.685936534985822,"[46.582, 57.323, -95.758, -32.946, 30.839, 12.129, -40.125, -19.272, -29.102, 29.868, -35.74, -20.83]","[48.143, 61.612, -99.033, -71.981, 55.879, -24.117, -17.703, -21.882, -25.612, 21.499, -35.587, -2.542]",66.50049628386242
119,161.3,0.2,-21.85,-10.809000000000001,11.041,-8.385,-0.8,7.585,"[0.193, 0.562, 0.53, 0.522, 0.97, 1.0, 0.684, 0.722, 0.231, 0.504, 0.879, 0.195]","[0.36, 0.191, 0.532, 0.206, 0.555, 1.0, 0.652, 0.46, 0.389, 0.802, 0.957, 0.498]",0.8479056551291541,"[45.445, 54.296, -52.208, 39.783, 12.055, 45.814, -52.887, -17.847, -30.381, 32.075, -53.441, -12.675]","[52.003, 61.193, -68.091, 77.508, 24.82, -42.772, -46.336, 23.541, -9.957, -26.918, -14.439, 13.129]",132.7277073485412
120,164.3,0.2,-15.728,-20.28,-4.552000000000001,-6.506,-11.534,-5.0280000000000005,"[0.765, 0.778, 0.625, 0.445, 0.538, 0.563, 0.57, 0.599, 0.588, 1.0, 0.735, 0.802]","[1.0, 0.55, 0.405, 0.202, 0.195, 0.367, 0.507, 0.243, 0.104, 0.114, 0.168, 0.687]",1.3621284814583388,"[48.11, 168.799, 7.788, 0.347, 47.672, 10.547, 0.094, -111.65, -55.853, 98.591, -57.996, 28.551]","[43.47, 62.512, -72.042, 19.174, 30.521, -27.237, -66.068, 123.482, -8.863, 15.232, -4.799, 6.659]",303.1467621087186
121,165.9,0.2,-22.697,-22.346,0.3509999999999991,-5.692,-6.49,-0.798,"[0.816, 0.382, 0.166, 0.1, 0.212, 0.135, 0.055, 0.066, 0.105, 0.116, 0.098, 1.0]","[0.919, 0.531, 0.284, 0.759, 0.3, 0.107, 0.193, 0.14, 0.051, 0.185, 0.682, 1.0]",0.9288681284229748,"[50.458, -4.656, -8.849, -69.177, 5.908, 6.259, -3.591, 22.622, 36.043, 16.033, -10.193, -7.477]","[43.547, 25.484, -54.051, -61.753, 57.691, -10.725, 1.274, -69.591, -11.628, 47.746, -63.227, 5.815]",144.28749103785816
122,168.3,0.3,-24.916,-17.27,7.646000000000001,-2.9539999999999997,-0.998,1.9559999999999997,"[0.865, 0.404, 0.2, 0.156, 0.134, 0.227, 0.087, 0.084, 0.232, 0.221, 0.13, 1.0]","[0.288, 0.234, 0.162, 0.279, 0.751, 1.0, 0.558, 0.314, 0.333, 0.241, 0.232, 0.303]",1.4622499786288254,"[45.574, 117.645, -28.073, 52.064, 17.268, 64.562, -5.426, -57.613, -37.029, 109.267, -107.976, 24.59]","[47.303, 97.966, -16.858, 8.81, 39.188, 23.728, -54.083, 87.901, -13.16, 31.696, -30.848, -3.792]",203.5139369527306
123,171.8,0.1,-18.583,-19.561,-0.9780000000000015,-9.76,-17.13,-7.369999999999999,"[0.182, 0.161, 0.225, 0.099, 0.118, 0.199, 0.109, 0.108, 0.188, 1.0, 0.56, 0.128]","[0.993, 1.0, 0.211, 0.213, 0.202, 0.247, 0.204, 0.192, 0.409, 0.465, 0.651, 0.06]",1.322212539647087,"[46.093, 37.06, -5.321, -41.228, 17.614, 21.05, -51.018, -53.925, -10.928, 7.556, -26.69, -23.041]","[41.681, 197.981, -76.921, -57.548, 40.99, -54.395, -4.349, 33.847, 32.208, -10.047, 4.288, 10.904]",227.3999141270726
124,174.4,0.1,-20.763,-25.311999999999998,-4.548999999999996,-9.836,-9.55,0.2859999999999996,"[1.0, 0.922, 0.136, 0.086, 0.14, 0.145, 0.298, 0.311, 0.53, 0.525, 0.741, 0.092]","[1.0, 0.811, 0.065, 0.053, 0.14, 0.13, 0.318, 0.313, 0.611, 0.593, 0.843, 0.05]",0.20599271831790555,"[46.49, -15.518, -95.84, -34.807, 8.222, -21.741, -9.934, 3.726, 13.355, 2.813, 33.296, -7.864]","[45.063, 18.777, -119.672, -3.957, -1.455, -53.031, -2.69, -28.218, -6.244, 35.35, 6.961, 13.011]",86.11357732088477
125,174.5,0.2,-16.602999999999998,-18.715,-2.112000000000002,-7.365,-10.035,-2.67,"[0.312, 0.159, 0.278, 0.09, 0.354, 0.332, 0.565, 0.644, 0.857, 1.0, 0.779, 0.1]","[0.104, 0.108, 0.159, 0.26, 0.209, 0.093, 0.12, 0.269, 1.0, 0.761, 0.156, 0.22]",0.9928851897374641,"[50.629, -6.872, -1.512, 6.223, 58.93, -50.736, 18.61, 12.931, 26.721, 11.942, -24.923, 3.601]","[45.552, -86.37, -24.16, 17.073, 52.819, -40.19, -44.129, 1.709, 28.97, 19.885, -39.521, 9.735]",107.2656375033496
126,177.5,0.2,-19.968,-29.634,-9.666,-11.954,-9.793,2.1610000000000014,"[0.636, 0.881, 0.965, 0.475, 0.377, 0.838, 0.237, 0.193, 0.343, 0.433, 0.678, 1.0]","[0.474, 0.466, 0.297, 0.382, 0.324, 0.214, 0.224, 0.372, 1.0, 0.488, 0.341, 0.184]",1.513881104974892,"[43.072, -8.992, -20.681, -6.189, 44.458, 9.928, -57.254, 34.903, -1.235, 30.911, -29.213, -10.405]","[42.986, -75.76, 8.018, -135.051, 54.008, 64.262, 2.606, 35.324, -1.927, 22.043, -3.443, 4.976]",171.7369852739939
127,177.8,0.3,-26.351,-20.682,5.6690000000000005,0.892,-12.700999999999999,-13.592999999999998,"[0.263, 0.276, 0.317, 0.524, 0.816, 1.0, 0.497, 0.403, 0.542, 0.331, 0.203, 0.282]","[0.554, 0.837, 1.0, 0.47, 0.411, 0.785, 0.198, 0.233, 0.326, 0.405, 0.644, 0.859]",1.3330041260251222,"[50.785, 33.68, 36.167, 4.243, 55.985, 38.575, -3.197, 28.738, -1.623, -0.542, -31.683, -3.674]","[42.111, -16.884, -24.078, -4.749, 56.126, 9.836, -48.346, 34.778, -1.388, 34.063, -35.23, -4.775]",102.2472049691335
128,178.5,0.1,-18.677,-21.203000000000003,-2.5260000000000034,-11.095,-12.422,-1.327,"[0.127, 0.259, 0.348, 0.164, 0.154, 0.257, 0.553, 1.0, 0.318, 0.08, 0.037, 0.101]","[0.241, 0.332, 0.31, 0.381, 0.271, 0.654, 0.432, 0.554, 1.0, 0.246, 0.122, 0.056]",0.9765464658683681,"[42.642, -15.146, -30.895, 36.091, 1.012, -68.377, -66.571, 19.753, -22.187, 9.412, 17.437, -13.602]","[43.24, 8.765, -51.359, 24.393, 37.927, -29.58, -55.972, 39.652, -5.325, 10.847, -4.1, 6.366]",75.18573749721419
129,179.5,0.2,-12.552999999999999,-14.85,-2.2970000000000006,-9.436,-5.416,4.02,"[0.343, 0.032, 0.087, 0.032, 0.04, 0.375, 0.07, 0.023, 0.029, 0.044, 0.392, 1.0]","[0.394, 0.488, 0.215, 0.226, 0.361, 0.497, 0.682, 0.743, 0.621, 0.651, 0.364, 1.0]",1.4124882300394577,"[48.746, 59.344, 21.108, 0.831, 56.227, -31.01, -31.221, 40.514, 16.886, 16.783, -8.517, 18.785]","[51.539, 69.042, 44.855, -34.17, 91.707, -28.295, -44.183, 58.22, -6.685, -9.55, 8.073, 5.529]",73.06523204643916
130,179.7,0.2,-14.838,-8.63,6.207999999999998,-5.676,-1.735,3.941,"[0.536, 0.084, 0.083, 0.151, 0.098, 0.132, 0.278, 0.635, 1.0, 0.628, 0.144, 0.688]","[0.573, 0.298, 0.263, 0.323, 0.322, 0.379, 0.309, 0.175, 0.308, 0.491, 0.947, 1.0]",1.293321692387474,"[46.682, 28.668, -52.575, 55.878, 52.323, 3.764, -67.248, -27.245, -11.476, 72.739, -43.463, 18.774]","[53.918, 44.223, -14.075, 46.047, 37.347, -35.622, -33.318, -19.914, 0.216, -13.989, -16.598, 8.615]",115.48646963605738
131,181.5,0.2,-11.681,-12.107000000000001,-0.42600000000000193,-7.776,-9.026,-1.25,"[1.0, 0.341, 0.183, 0.157, 0.437, 0.923, 0.382, 0.327, 0.304, 0.208, 0.077, 0.906]","[0.16, 0.21, 0.413, 0.302, 0.074, 0.157, 0.128, 0.261, 0.196, 0.453, 1.0, 0.311]",1.69166367815828,"[49.083, 18.02, -98.766, 8.969, 52.182, -39.893, -8.182, 30.523, -2.232, 0.825, -49.272, -28.249]","[49.227, 58.307, -20.698, -26.047, 75.522, -38.331, -27.638, -17.198, -11.452, 40.259, -14.981, 3.15]",126.28792437917413
132,181.7,0.2,-19.596,-13.294,6.302,-9.192,-5.687,3.505,"[0.107, 0.098, 0.056, 0.058, 0.577, 0.63, 1.0, 0.965, 0.452, 0.472, 0.033, 0.02]","[0.468, 0.397, 0.649, 0.742, 0.408, 0.359, 0.357, 0.439, 1.0, 0.235, 0.146, 0.272]",1.5046926596484744,"[46.715, 20.802, -91.69, -50.951, 66.556, -3.208, -15.065, 46.368, 5.672, 30.948, -13.869, -25.139]","[49.599, 86.624, -3.419, -57.505, 61.774, -13.932, -3.973, -30.168, -21.208, 21.662, -40.118, 24.565]",149.20624239622148
133,181.9,0.2,-17.671,-11.88,5.790999999999999,-7.962000000000001,-8.252,-0.29000000000000004,"[0.151, 0.218, 0.1, 0.085, 0.296, 0.201, 0.156, 0.271, 0.599, 1.0, 0.232, 0.099]","[0.192, 0.076, 0.032, 0.047, 0.42, 0.421, 0.983, 1.0, 0.774, 0.774, 0.312, 0.011]",1.1844424848847663,"[47.086, 14.499, -56.948, -17.834, 37.334, 16.193, -38.476, 47.358, -5.012, 20.166, -7.591, -14.853]","[48.456, -8.065, -98.252, 14.591, 74.522, -47.353, -2.715, 43.762, -1.26, 3.167, -52.236, -26.883]",111.45480816905119
134,183.3,0.2,-12.772,-26.109,-13.337000000000002,-6.455,-9.706,-3.2509999999999994,"[1.0, 0.061, 0.295, 0.144, 0.034, 0.148, 0.157, 0.071, 0.334, 0.257, 0.628, 0.833]","[1.0, 0.541, 0.057, 0.03, 0.077, 0.11, 0.253, 0.239, 0.59, 0.615, 0.988, 0.049]",1.1308090024402881,"[49.67, -15.318, 38.501, -19.654, 79.59, -8.574, -42.017, 16.084, 14.737, -5.321, -0.867, 5.455]","[46.016, -9.831, -67.184, -20.123, 29.917, 7.925, 5.002, -10.854, 13.807, 39.811, -0.878, 12.419]",137.7509489876567
135,188.2,0.3,-20.956999999999997,-14.228,6.728999999999997,-12.24,-3.1630000000000003,9.077,"[0.195, 0.237, 0.541, 1.0, 0.346, 0.145, 0.141, 0.163, 0.142, 0.193, 0.688, 0.258]","[0.607, 0.206, 0.158, 0.109, 0.517, 0.284, 0.363, 0.63, 0.386, 1.0, 0.413, 0.342]",1.4901932760551566,"[42.728, 99.694, -108.48, 18.62, 6.217, -25.456, -44.034, -49.248, 13.209, 17.299, -41.152, -7.888]","[49.958, 98.732, -35.606, 88.2, 17.066, -33.043, -23.929, 8.065, -21.255, -11.39, -24.812, 32.315]",134.02817543337667
136,191.1,0.3,-16.422,-16.602,-0.17999999999999972,-7.553999999999999,-5.622000000000001,1.9319999999999986,"[1.0, 0.5, 0.215, 0.252, 0.334, 0.213, 0.226, 0.392, 0.444, 0.175, 0.297, 0.423]","[1.0, 0.469, 0.157, 0.054, 0.04, 0.196, 0.219, 0.175, 0.208, 0.192, 0.647, 0.951]",0.7966561366110225,"[47.521, -1.87, -7.243, 73.226, 11.318, -30.851, 7.703, 61.52, 9.432, -1.853, -33.558, 9.575]","[49.574, 61.076, -16.695, 64.622, 17.509, -6.311, -11.499, -38.941, -7.956, -6.773, -45.879, 22.741]",126.02837693154666
137,191.4,0.1,-24.589000000000002,-21.253,3.336000000000002,-11.353,-14.185,-2.8320000000000007,"[1.0, 0.95, 0.146, 0.089, 0.127, 0.118, 0.287, 0.29, 0.574, 0.591, 0.853, 0.06]","[1.0, 0.505, 0.105, 0.243, 0.228, 0.117, 0.233, 0.15, 0.339, 0.326, 0.487, 0.938]",1.134208975453818,"[45.494, 34.751, -81.493, -36.168, 38.389, -7.175, 8.562, -17.946, -6.08, 27.185, -0.959, -2.628]","[44.147, -9.115, -80.667, -46.031, 49.9, -36.885, -4.547, -66.08, -15.651, 23.339, 12.177, 11.653]",77.52943751891922
138,193.5,0.2,-18.038,-19.703,-1.6649999999999991,-3.069,-11.709000000000001,-8.64,"[0.939, 0.545, 0.352, 0.198, 0.131, 0.258, 0.262, 0.221, 0.392, 0.473, 1.0, 0.209]","[0.502, 0.488, 0.49, 0.164, 0.197, 0.533, 0.349, 0.204, 0.275, 1.0, 0.821, 0.546]",0.8598168409609107,"[50.27, 106.578, -1.248, -3.376, 3.123, 73.861, 9.617, 19.979, -14.135, -23.168, -19.647, 16.84]","[41.745, 64.396, -72.482, -25.581, -6.627, 19.798, -51.575, -36.167, -4.599, -28.793, -52.973, -9.317]",138.74953342263893
139,193.9,0.2,-18.667,-19.101,-0.4339999999999975,-13.932,-3.839,10.093,"[0.416, 0.36, 0.14, 0.586, 0.528, 0.239, 0.435, 0.676, 0.761, 1.0, 0.739, 0.466]","[0.952, 0.55, 0.357, 0.174, 0.114, 0.27, 0.272, 0.224, 0.358, 0.475, 1.0, 0.228]",1.227297030062405,"[42.509, 74.042, -117.425, -21.452, 16.263, -50.817, -33.769, -9.671, -12.409, 26.537, -11.389, -9.567]","[49.49, 90.274, -11.631, 4.43, 17.775, 65.33, 15.628, 22.644, -13.055, -21.775, -21.502, 24.397]",180.94609102437113
140,195.2,0.2,-19.935,-25.374000000000002,-5.439000000000004,-9.71,-11.409,-1.6989999999999998,"[0.576, 0.843, 1.0, 0.885, 0.837, 0.487, 0.084, 0.087, 0.213, 0.12, 0.181, 0.406]","[0.176, 0.177, 0.161, 0.107, 0.232, 0.462, 0.306, 0.216, 1.0, 0.418, 0.299, 0.079]",1.7816739320088848,"[44.724, 70.887, -85.318, -28.969, 7.263, 17.941, -68.944, -6.887, 19.973, -34.939, -18.131, -19.186]","[43.057, 213.408, -62.077, -139.774, 55.4, -56.412, -60.897, 17.958, -10.114, 2.188, 42.666, 3.834]",219.47735954990893
141,195.9,0.1,-18.111,-29.09,-10.979,-12.785,-13.546,-0.7609999999999992,"[0.161, 0.495, 1.0, 0.191, 0.167, 0.07, 0.045, 0.088, 0.066, 0.085, 0.036, 0.146]","[1.0, 0.278, 0.102, 0.083, 0.089, 0.087, 0.101, 0.288, 0.073, 0.055, 0.043, 0.396]",1.2969521964976196,"[45.533, 9.903, -42.781, -57.903, 15.205, -8.876, -52.545, -2.676, -7.693, -12.459, 0.644, -7.199]","[43.611, 45.235, -67.076, -38.983, 6.311, 12.244, -52.828, -40.831, -20.069, 69.989, -1.408, -0.861]",105.71905462592825
142,196.7,0.2,-20.581,-18.442999999999998,2.1380000000000017,-13.307,-4.121,9.186,"[0.321, 0.119, 0.062, 0.399, 0.235, 0.118, 0.482, 0.466, 1.0, 0.903, 0.586, 0.092]","[0.329, 0.289, 0.239, 0.259, 0.192, 0.131, 0.173, 0.382, 0.89, 1.0, 0.544, 0.391]",0.5450889835613998,"[43.073, 57.318, -84.681, 6.607, -5.293, -38.064, -21.23, -77.562, -1.631, 16.721, -16.514, 4.266]","[48.354, 103.197, -6.906, 111.588, 12.899, -9.444, 4.563, 32.649, -12.595, -23.641, -32.835, 20.352]",188.25239440442715
143,197.4,0.2,-19.002,-22.805999999999997,-3.8039999999999985,-14.127,-10.864,3.263,"[0.266, 0.259, 1.0, 0.318, 0.462, 0.797, 0.568, 0.496, 0.275, 0.721, 0.81, 0.126]","[0.286, 0.341, 0.452, 0.338, 0.312, 0.657, 0.285, 0.194, 0.184, 0.174, 0.842, 1.0]",1.262383063891464,"[39.758, 60.395, -106.827, 43.38, 25.857, -31.332, -36.159, -64.741, -21.61, -27.305, -22.479, -1.717]","[44.497, -39.078, 26.266, -70.645, 20.562, -7.177, 20.438, -15.148, 10.415, 17.912, 10.295, -26.083]",227.25532992209446
144,199.4,0.1,-19.445,-22.064,-2.6189999999999998,-15.445,-6.952000000000001,8.492999999999999,"[0.615, 0.642, 0.432, 0.377, 0.605, 0.706, 0.604, 0.539, 0.928, 0.987, 1.0, 0.397]","[1.0, 0.552, 0.233, 0.089, 0.157, 0.154, 0.09, 0.179, 0.109, 0.1, 0.092, 0.266]",1.8647329567527893,"[43.01, 276.772, 22.735, -19.592, 11.907, -5.454, -33.565, -25.359, 12.174, -21.17, -12.091, 13.441]","[48.427, -4.252, -24.904, -53.61, 44.314, 41.555, -7.331, -0.891, -13.642, 21.001, -9.76, -25.319]",301.54622676797004
145,199.5,0.3,-18.445,-14.919,3.526,-11.450999999999999,-2.305,9.145999999999999,"[0.054, 0.106, 0.193, 1.0, 0.316, 0.058, 0.118, 0.306, 0.092, 0.157, 0.69, 0.097]","[0.512, 0.218, 0.769, 0.663, 0.646, 0.463, 0.339, 0.187, 0.158, 0.343, 0.444, 1.0]",1.3850837519803632,"[40.494, 30.152, -147.58, 55.222, 19.162, -73.094, -60.463, -19.017, -1.955, 21.993, -33.414, -2.64]","[49.28, -6.438, 15.781, -13.024, 23.177, -14.745, -17.147, 33.754, 5.429, -13.793, -44.384, -4.187]",205.66971195827549
146,201.3,0.4,-29.863000000000003,-17.673,12.190000000000005,-7.751,-12.425,-4.674,"[0.333, 0.199, 0.12, 0.132, 0.121, 0.178, 0.297, 0.349, 0.405, 0.386, 0.593, 1.0]","[0.044, 0.026, 0.021, 0.033, 0.078, 0.047, 0.037, 0.113, 0.472, 1.0, 0.391, 0.083]",1.2403773619346654,"[46.784, 138.516, -61.568, -26.969, 29.23, 59.458, -12.467, 12.419, -29.995, 21.445, 53.251, -19.957]","[40.99, 35.156, -98.346, 16.555, 18.13, -16.095, -73.365, 27.069, 17.845, -16.432, -47.63, -14.305]",194.03795660385623
147,205.5,0.1,-17.169,-11.994000000000002,5.174999999999999,-9.789,-7.444,2.3449999999999998,"[1.0, 0.837, 0.07, 0.043, 0.124, 0.15, 0.313, 0.296, 0.579, 0.576, 0.829, 0.047]","[0.111, 0.353, 0.387, 0.394, 1.0, 0.855, 0.839, 0.863, 0.593, 0.579, 0.243, 0.037]",1.8586376731358911,"[49.418, 6.07, -33.319, -44.605, -53.095, -39.262, -19.009, 14.688, 3.143, 21.561, -9.613, -12.772]","[47.091, 85.772, 32.926, 56.732, -18.82, -58.173, -47.634, -24.376, -33.729, -1.656, 2.36, 10.704]",165.78977161453597
148,205.7,0.2,-12.249,-16.601,-4.3519999999999985,-7.321000000000001,-7.3020000000000005,0.019000000000000128,"[0.703, 0.411, 0.708, 0.879, 0.755, 0.574, 0.234, 0.199, 0.358, 0.225, 0.446, 1.0]","[0.147, 1.0, 0.691, 0.691, 0.565, 0.765, 0.511, 0.507, 0.139, 0.431, 0.153, 0.314]",1.2580564375257575,"[50.138, 64.088, 40.87, 33.829, -13.626, -25.026, 15.248, 15.435, 9.004, -2.947, -12.593, 8.733]","[48.453, 118.562, 2.521, 24.444, -52.869, 30.162, -11.298, 4.587, -6.142, -36.583, -23.415, -11.973]",108.82882647534154
149,207.0,0.3,-9.441,-19.692,-10.251,-3.662,-6.7410000000000005,-3.0790000000000006,"[0.478, 0.26, 0.108, 0.224, 0.295, 0.231, 0.12, 0.294, 0.246, 0.609, 1.0, 0.383]","[0.067, 0.065, 0.029, 0.023, 0.09, 0.13, 0.042, 0.036, 0.151, 0.949, 1.0, 0.347]",0.7101992678115066,"[52.177, 43.579, -7.122, -24.416, -20.642, -1.25, -44.026, 11.353, -0.669, -12.485, -29.058, -34.632]","[46.042, 53.45, 41.999, -39.507, 20.611, 24.154, -33.516, -74.312, -61.359, 1.894, -28.267, -15.072]",129.78852938530432
150,207.3,0.2,-15.5,-16.298,-0.7979999999999983,-5.038,-7.447,-2.409,"[0.151, 0.041, 0.073, 0.057, 0.128, 0.154, 0.141, 0.13, 0.151, 0.403, 1.0, 0.687]","[0.838, 1.0, 0.814, 0.925, 0.589, 0.365, 0.32, 0.283, 0.711, 0.616, 0.159, 0.699]",2.018177643320825,"[49.349, 109.753, 12.3, -65.479, 28.795, 20.57, -46.155, -37.007, -49.574, -0.398, -32.892, -21.137]","[50.085, 10.952, 31.257, -41.46, 12.259, -4.159, -38.851, -17.482, -16.951, 7.373, -13.105, -22.829]",116.34875628041755
151,211.2,0.1,-18.93,-13.542,5.388,-8.876,-7.797999999999999,1.0780000000000003,"[1.0, 0.836, 0.057, 0.034, 0.122, 0.142, 0.32, 0.308, 0.581, 0.578, 0.818, 0.054]","[0.144, 0.197, 0.246, 0.285, 1.0, 0.777, 0.523, 0.523, 0.319, 0.337, 0.222, 0.079]",1.7273934120518117,"[49.352, -2.904, -41.236, -54.018, -49.585, -24.672, -5.109, 9.717, 7.306, 0.139, 4.81, -12.69]","[47.576, 96.45, 55.815, 53.456, -1.405, -9.398, -42.466, -10.563, -19.952, -33.444, 9.594, 16.851]",194.86337235098853
152,211.7,0.1,-19.158,-19.442,-0.2839999999999989,-14.638,-10.265,4.372999999999999,"[0.565, 0.638, 1.0, 0.638, 0.492, 0.629, 0.381, 0.443, 0.671, 0.422, 0.085, 0.162]","[1.0, 0.816, 0.051, 0.029, 0.096, 0.114, 0.285, 0.275, 0.554, 0.546, 0.802, 0.055]",1.5831850807786183,"[43.617, 116.358, 18.458, -14.631, -47.701, -6.962, -58.877, -23.477, -57.973, -30.665, 4.39, -24.268]","[48.499, -18.605, -32.104, -58.617, -39.846, -35.1, 2.267, 8.652, 12.5, 3.031, 7.766, -14.7]",185.90117515497312
153,213.3,0.2,-13.854000000000001,-14.582,-0.7279999999999998,-0.203,-9.162,-8.959000000000001,"[0.205, 0.152, 0.1, 0.345, 0.432, 0.507, 0.288, 0.131, 0.414, 1.0, 0.299, 0.157]","[0.392, 0.215, 0.183, 0.135, 0.304, 0.126, 0.132, 0.387, 0.565, 1.0, 0.541, 0.351]",0.678487288016511,"[53.869, 26.988, 3.006, 34.916, 13.707, 36.902, -9.53, -7.413, -21.354, -10.015, -3.411, 1.84]","[47.49, 34.909, -1.986, -30.382, -0.655, -13.157, -54.813, 48.084, -17.873, -29.995, -8.097, -31.839]",117.48349573876324
154,213.5,0.2,-14.575,-15.365,-0.7900000000000009,-4.757,-5.47,-0.7130000000000001,"[0.032, 0.031, 0.034, 0.067, 0.125, 0.094, 0.08, 0.124, 0.569, 1.0, 0.279, 0.029]","[0.172, 0.065, 0.076, 0.05, 0.069, 0.054, 0.067, 0.145, 0.131, 0.459, 1.0, 0.444]",1.0976092200778926,"[48.938, 20.168, 11.016, 39.87, -6.774, 33.867, 1.952, 9.216, -34.302, -36.687, -15.149, 34.352]","[50.274, 101.892, -0.277, -43.377, 2.823, 29.968, -59.294, -33.488, -37.898, 16.391, -25.656, -22.181]",159.8648901729207
155,215.9,0.2,-15.029000000000002,-14.774000000000001,0.2550000000000008,-7.671,-6.976,0.6950000000000003,"[0.056, 0.122, 0.636, 0.153, 0.266, 0.709, 1.0, 0.888, 0.616, 0.717, 0.197, 0.022]","[1.0, 0.418, 0.037, 0.026, 0.029, 0.028, 0.171, 0.162, 0.358, 0.368, 0.887, 0.074]",1.9378075239816774,"[49.891, 111.809, 60.572, 31.79, 12.192, -17.931, -29.466, 32.074, -9.035, -8.363, -1.905, 15.285]","[50.157, -19.562, -0.46, -2.492, -22.387, -19.507, 36.718, 3.218, -14.226, 5.445, -12.987, 14.559]",170.03146090944463
156,216.9,0.1,-19.299,-13.492,5.806999999999999,-9.196,-8.495,0.7010000000000005,"[1.0, 0.888, 0.79, 0.792, 0.478, 0.491, 0.672, 0.669, 0.58, 0.583, 0.832, 0.726]","[0.166, 0.353, 0.505, 0.548, 1.0, 0.845, 0.53, 0.444, 0.327, 0.301, 0.17, 0.125]",1.591888501120603,"[49.031, 15.69, -42.642, -40.796, -56.246, -35.302, -18.806, 1.808, 7.672, 4.533, -1.256, -22.513]","[46.529, 124.498, 72.871, 56.003, -5.486, -47.676, -49.335, -27.976, -34.095, -5.459, -1.755, 18.423]",206.4651734821154
157,217.8,0.1,-15.081,-19.155,-4.074000000000002,-5.832999999999999,-14.409,-8.576,"[0.038, 0.026, 0.031, 0.044, 0.032, 0.122, 0.171, 0.467, 1.0, 0.123, 0.028, 0.012]","[0.401, 0.704, 0.733, 0.655, 0.585, 0.797, 0.34, 0.282, 1.0, 0.321, 0.116, 0.071]",1.5271630561272755,"[50.561, 34.699, -2.729, -18.17, 19.814, 14.209, -62.802, -7.421, -22.197, -0.107, -8.855, -20.058]","[43.523, 122.588, 27.082, -28.667, -33.008, -8.416, -42.488, -31.535, -41.402, -49.442, 12.628, -33.954]",128.5553684254376
158,218.3,0.2,-15.994000000000002,-16.019000000000002,-0.025000000000000355,-4.725,-7.075,-2.3500000000000005,"[0.888, 0.439, 0.221, 0.08, 0.103, 0.206, 0.072, 0.098, 0.081, 0.175, 0.138, 1.0]","[0.027, 0.021, 0.031, 0.046, 0.035, 0.135, 0.164, 0.419, 1.0, 0.103, 0.018, 0.019]",1.703225469513652,"[50.538, 24.115, 19.162, -60.011, -11.065, 12.348, 4.246, -5.995, -11.96, 2.764, -41.392, -20.312]","[48.432, 38.324, -6.679, -10.46, 20.482, 10.488, -60.286, 20.05, -34.271, 3.444, -7.837, -21.945]",103.91165233986032
159,218.8,0.2,-16.288,-19.555999999999997,-3.267999999999997,-5.231,-4.881,0.34999999999999964,"[0.102, 0.039, 0.034, 0.04, 0.103, 0.039, 0.075, 0.252, 0.669, 1.0, 0.251, 0.062]","[0.86, 0.379, 0.043, 0.032, 0.075, 0.095, 0.253, 0.256, 0.581, 0.602, 1.0, 0.057]",1.2054472199146673,"[49.976, 44.639, 13.118, -34.556, 7.957, 23.2, -54.514, -41.424, -26.762, -11.925, -17.067, -27.851]","[50.725, -6.877, -11.048, -54.484, -5.954, -3.891, 14.747, 12.59, -8.052, 1.228, -2.323, -17.121]",114.60017653127764
160,219.3,0.2,-19.639,-15.149000000000001,4.489999999999998,-3.27,-5.372000000000001,-2.1020000000000008,"[1.0, 0.4, 0.168, 0.112, 0.101, 0.139, 0.056, 0.09, 0.103, 0.089, 0.074, 0.938]","[0.088, 0.039, 0.034, 0.036, 0.106, 0.035, 0.073, 0.241, 0.624, 1.0, 0.306, 0.063]",1.7147999883368323,"[49.52, 58.48, 6.302, -58.411, -2.835, 31.665, 36.256, 13.172, -57.208, -5.119, -15.428, 33.031]","[48.782, 20.145, 2.699, -47.723, 20.973, 7.533, -47.864, -51.192, -19.694, -23.113, -21.483, -24.741]",138.0969088973392
161,220.2,0.2,-20.090999999999998,-10.067,10.023999999999997,-3.26,-4.5,-1.2400000000000002,"[1.0, 0.641, 0.171, 0.152, 0.361, 0.369, 0.283, 0.342, 0.578, 0.791, 0.73, 0.652]","[1.0, 0.431, 0.239, 0.056, 0.051, 0.144, 0.092, 0.119, 0.084, 0.129, 0.131, 0.905]",1.1815096275528185,"[49.104, 68.415, 69.577, -90.813, 33.4, -1.398, 45.59, -49.885, -54.413, 1.559, 28.758, 25.797]","[53.2, 77.744, -63.289, -19.208, 25.761, -32.074, 31.653, -46.91, -44.158, -11.339, -12.534, 30.653]",161.51486853537662
162,220.4,0.1,-6.553999999999999,-11.532,-4.978000000000001,0.9229999999999999,-6.307,-7.23,"[1.0, 0.926, 0.393, 0.201, 0.318, 0.416, 0.276, 0.529, 0.352, 0.369, 0.598, 0.58]","[0.372, 0.544, 0.443, 0.107, 0.245, 0.362, 0.405, 0.404, 0.495, 0.714, 1.0, 0.423]",0.9580615846593579,"[56.085, 66.021, -4.531, 49.694, 13.977, -39.157, -19.553, 1.752, -11.533, -18.082, -7.275, 24.198]","[49.64, -44.447, 19.409, 39.074, 28.627, -8.68, -6.372, 19.051, -25.655, -8.689, -14.94, 14.41]",122.4308202292217
163,220.9,0.2,-16.645,-7.053,9.591999999999999,-4.86,0.095,4.955,"[0.134, 0.172, 0.404, 0.288, 0.167, 0.26, 0.281, 1.0, 0.827, 0.259, 0.153, 0.122]","[0.782, 0.852, 0.417, 0.431, 0.783, 1.0, 0.558, 0.574, 0.342, 0.379, 0.649, 0.759]",1.729043955485227,"[49.335, 39.678, 58.267, -31.096, 62.04, 16.182, 44.003, 16.998, -25.11, -19.455, -22.224, 28.389]","[54.819, 26.087, 20.514, 19.292, 50.961, -1.981, -17.026, 27.002, -6.318, -29.651, -20.135, 16.567]",95.1709411637817
164,226.5,0.3,-11.122,-18.903,-7.780999999999999,-5.518,-2.241,3.2769999999999997,"[0.598, 0.889, 1.0, 0.52, 0.419, 0.328, 0.335, 0.237, 0.178, 0.391, 0.443, 0.428]","[0.501, 0.379, 0.332, 0.313, 0.697, 1.0, 0.568, 0.298, 0.283, 0.193, 0.203, 0.324]",1.2100020661139383,"[51.323, 46.465, 25.805, 12.85, 86.479, -42.087, -2.408, 35.134, -21.712, 22.689, -6.424, 17.341]","[47.29, 52.221, 18.446, -64.632, 39.456, 46.005, 3.772, 11.343, -32.097, -15.975, -46.215, 29.109]",141.4466031052001
165,227.5,0.3,-17.791,-15.89,1.9009999999999998,-1.133,-11.735999999999999,-10.602999999999998,"[0.641, 0.256, 0.247, 0.275, 0.871, 1.0, 0.589, 0.346, 0.31, 0.638, 0.314, 0.37]","[0.57, 0.33, 0.255, 0.375, 1.0, 0.746, 0.382, 0.249, 0.115, 0.53, 0.121, 0.161]",0.5334932052050897,"[47.693, 103.59, -26.135, -18.333, -33.864, 61.626, -41.295, -4.768, -10.879, 17.112, -45.794, -0.861]","[45.36, 54.3, -37.389, -38.911, -6.872, -36.809, 33.246, 42.543, -72.468, -11.941, -11.445, 7.986]",164.60002193195479
166,230.7,0.4,-24.12,-15.468,8.652000000000001,-7.8629999999999995,-1.636,6.226999999999999,"[0.564, 0.263, 0.101, 0.14, 0.13, 0.231, 0.262, 0.512, 0.395, 0.54, 1.0, 0.882]","[0.862, 0.619, 0.311, 0.441, 0.657, 1.0, 0.553, 0.272, 0.31, 0.357, 0.449, 0.685]",1.3208845521089267,"[42.832, 48.573, 34.792, 45.881, -25.498, 38.518, 89.106, 10.162, -82.34, 23.546, 8.369, 40.058]","[49.972, 38.176, 63.949, -39.884, 48.282, 3.24, -36.305, 2.97, -19.336, -10.291, -5.971, -14.203]",197.72923622469187
167,236.8,0.3,-11.58,-25.079,-13.499,-5.13,-9.017999999999999,-3.887999999999999,"[0.409, 0.335, 0.699, 0.322, 0.213, 0.201, 0.185, 1.0, 0.291, 0.268, 0.279, 0.315]","[0.813, 0.371, 0.199, 0.134, 0.179, 0.154, 0.05, 0.043, 0.224, 0.177, 0.091, 1.0]",1.3800847800044749,"[50.565, -19.967, 0.101, 52.55, -13.278, -28.478, 8.393, 5.177, -27.371, -15.92, -15.898, 2.878]","[44.007, 10.794, 53.763, -19.484, -4.047, 46.881, 96.115, -21.111, -77.637, 21.373, -29.866, 33.393]",168.08289981137284
